Date,Open,High,Low,Close,Adj Close,Volume
2015-04-16,31.0,35.7400016784668,28.219999313354492,30.0,30.0,19763300
2015-04-17,29.770000457763672,30.299999237060547,26.510000228881836,27.579999923706055,27.579999923706055,3965500
2015-04-20,28.770000457763672,28.899999618530273,24.8700008392334,24.899999618530273,24.899999618530273,3076200
2015-04-21,24.969999313354492,26.040000915527344,24.559999465942383,25.75,25.75,2184700
2015-04-22,26.0,26.239999771118164,24.950000762939453,25.1200008392334,25.1200008392334,1442500
2015-04-23,24.93000030517578,25.739999771118164,24.079999923706055,25.6200008392334,25.6200008392334,1298100
2015-04-24,25.549999237060547,25.700000762939453,25.0,25.579999923706055,25.579999923706055,532800
2015-04-27,25.700000762939453,26.469999313354492,25.209999084472656,25.899999618530273,25.899999618530273,731300
2015-04-28,25.75,25.899999618530273,24.18000030517578,24.489999771118164,24.489999771118164,954100
2015-04-29,24.489999771118164,24.9689998626709,22.31999969482422,22.420000076293945,22.420000076293945,1674500
2015-04-30,22.65999984741211,23.18000030517578,21.81999969482422,22.239999771118164,22.239999771118164,1221500
2015-05-01,22.25,23.0,21.270000457763672,21.75,21.75,687300
2015-05-04,21.75,23.28499984741211,21.75,23.239999771118164,23.239999771118164,648600
2015-05-05,23.219999313354492,24.31999969482422,21.899999618530273,24.149999618530273,24.149999618530273,1064700
2015-05-06,24.149999618530273,25.420000076293945,23.031999588012695,23.399999618530273,23.399999618530273,1290700
2015-05-07,23.399999618530273,24.420000076293945,22.71500015258789,23.690000534057617,23.690000534057617,616600
2015-05-08,23.93000030517578,24.100000381469727,22.5,22.709999084472656,22.709999084472656,784000
2015-05-11,20.709999084472656,21.489999771118164,20.020000457763672,20.850000381469727,20.850000381469727,2115100
2015-05-12,21.229999542236328,21.450000762939453,20.360000610351562,20.56999969482422,20.56999969482422,1140300
2015-05-13,20.5,20.780000686645508,19.5,19.829999923706055,19.829999923706055,1536000
2015-05-14,19.829999923706055,20.75,19.614999771118164,20.600000381469727,20.600000381469727,1043600
2015-05-15,20.559999465942383,20.81999969482422,19.510000228881836,20.049999237060547,20.049999237060547,1177100
2015-05-18,19.510000228881836,20.75,19.149999618530273,20.559999465942383,20.559999465942383,1211100
2015-05-19,20.559999465942383,21.309999465942383,19.65999984741211,21.0,21.0,2015100
2015-05-20,16.899999618530273,17.31999969482422,15.699999809265137,17.200000762939453,17.200000762939453,11105200
2015-05-21,17.3700008392334,17.690000534057617,16.90999984741211,17.510000228881836,17.510000228881836,2318100
2015-05-22,17.81999969482422,18.149999618530273,17.0,17.170000076293945,17.170000076293945,2012100
2015-05-26,16.59000015258789,17.299999237060547,16.18000030517578,17.09000015258789,17.09000015258789,1797400
2015-05-27,17.020000457763672,17.6299991607666,16.850000381469727,17.059999465942383,17.059999465942383,878600
2015-05-28,16.950000762939453,17.100000381469727,16.719999313354492,17.040000915527344,17.040000915527344,489100
2015-05-29,17.0,17.100000381469727,16.5,16.760000228881836,16.760000228881836,940400
2015-06-01,16.760000228881836,16.770000457763672,16.0,16.049999237060547,16.049999237060547,858400
2015-06-02,15.979999542236328,16.100000381469727,15.729999542236328,15.859999656677246,15.859999656677246,763000
2015-06-03,15.699999809265137,15.875,14.960000038146973,15.319999694824219,15.319999694824219,1432900
2015-06-04,15.25,15.630000114440918,15.0,15.069999694824219,15.069999694824219,808000
2015-06-05,15.149999618530273,15.279999732971191,14.640000343322754,15.029999732971191,15.029999732971191,712400
2015-06-08,14.949999809265137,15.130000114440918,14.680000305175781,14.859999656677246,14.859999656677246,500400
2015-06-09,15.109999656677246,16.25,15.010000228881836,15.989999771118164,15.989999771118164,2273800
2015-06-10,16.049999237060547,18.420000076293945,16.010000228881836,16.780000686645508,16.780000686645508,3384300
2015-06-11,17.079999923706055,17.683000564575195,16.75,16.860000610351562,16.860000610351562,1418000
2015-06-12,16.75,17.139999389648438,16.31999969482422,16.639999389648438,16.639999389648438,747300
2015-06-15,16.200000762939453,17.100000381469727,16.139999389648438,16.31999969482422,16.31999969482422,1088400
2015-06-16,16.510000228881836,16.889999389648438,16.200000762939453,16.290000915527344,16.290000915527344,767500
2015-06-17,16.299999237060547,16.489999771118164,15.649999618530273,15.770000457763672,15.770000457763672,1427400
2015-06-18,15.770000457763672,15.869999885559082,14.899999618530273,15.329999923706055,15.329999923706055,1386600
2015-06-19,15.260000228881836,15.390000343322754,14.300000190734863,14.3100004196167,14.3100004196167,2590300
2015-06-22,14.380000114440918,14.720000267028809,13.779999732971191,14.420000076293945,14.420000076293945,1536400
2015-06-23,14.449999809265137,14.800000190734863,14.130000114440918,14.34000015258789,14.34000015258789,916600
2015-06-24,14.329999923706055,14.59000015258789,14.170000076293945,14.390000343322754,14.390000343322754,841800
2015-06-25,14.430000305175781,14.960000038146973,14.199999809265137,14.899999618530273,14.899999618530273,873800
2015-06-26,14.279999732971191,14.569999694824219,13.949999809265137,14.25,14.25,4215900
2015-06-29,14.0,14.3100004196167,13.90999984741211,14.229999542236328,14.229999542236328,1251400
2015-06-30,14.300000190734863,14.423999786376953,13.949999809265137,14.050000190734863,14.050000190734863,1508100
2015-07-01,14.130000114440918,14.479999542236328,13.960000038146973,14.010000228881836,14.010000228881836,1764900
2015-07-02,14.0,14.239999771118164,12.8100004196167,13.270000457763672,13.270000457763672,1977500
2015-07-06,13.460000038146973,13.460000038146973,12.800000190734863,13.399999618530273,13.399999618530273,1435000
2015-07-07,13.510000228881836,13.529999732971191,13.0,13.319999694824219,13.319999694824219,1030700
2015-07-08,13.170000076293945,14.5600004196167,13.100000381469727,14.550000190734863,14.550000190734863,961000
2015-07-09,14.609999656677246,16.25,14.600000381469727,16.200000762939453,16.200000762939453,1936500
2015-07-10,16.25,17.290000915527344,15.819999694824219,16.530000686645508,16.530000686645508,1260300
2015-07-13,16.649999618530273,16.899999618530273,15.619999885559082,16.030000686645508,16.030000686645508,715300
2015-07-14,16.100000381469727,17.020000457763672,16.0,16.510000228881836,16.510000228881836,519800
2015-07-15,16.579999923706055,17.149999618530273,16.40999984741211,16.81999969482422,16.81999969482422,1070600
2015-07-16,16.899999618530273,17.299999237060547,16.31999969482422,16.829999923706055,16.829999923706055,988000
2015-07-17,16.940000534057617,23.440000534057617,16.56999969482422,21.979999542236328,21.979999542236328,11961100
2015-07-20,20.440000534057617,20.969999313354492,18.920000076293945,19.559999465942383,19.559999465942383,3561300
2015-07-21,19.549999237060547,20.3799991607666,18.610000610351562,18.979999542236328,18.979999542236328,1733600
2015-07-22,18.81999969482422,19.459999084472656,18.020000457763672,18.450000762939453,18.450000762939453,869300
2015-07-23,18.3700008392334,19.139999389648438,17.770000457763672,18.440000534057617,18.440000534057617,1156300
2015-07-24,18.309999465942383,19.889999389648438,18.15999984741211,19.309999465942383,19.309999465942383,1292100
2015-07-27,19.280000686645508,19.469999313354492,18.160999298095703,18.299999237060547,18.299999237060547,645500
2015-07-28,18.469999313354492,19.149999618530273,18.309999465942383,18.649999618530273,18.649999618530273,955000
2015-07-29,18.700000762939453,19.450000762939453,18.25,18.979999542236328,18.979999542236328,874700
2015-07-30,18.959999084472656,21.658000946044922,18.902000427246094,21.200000762939453,21.200000762939453,2323700
2015-07-31,21.299999237060547,21.899999618530273,20.40999984741211,20.84000015258789,20.84000015258789,1922600
2015-08-03,21.0,21.479999542236328,19.850000381469727,20.5,20.5,1829700
2015-08-04,20.360000610351562,20.59000015258789,18.809999465942383,19.229999542236328,19.229999542236328,3028600
2015-08-05,15.619999885559082,16.280000686645508,13.630000114440918,13.779999732971191,13.779999732971191,4141900
2015-08-06,13.819999694824219,13.90999984741211,13.0600004196167,13.59000015258789,13.59000015258789,2053600
2015-08-07,13.539999961853027,13.770000457763672,13.210000038146973,13.4399995803833,13.4399995803833,1105000
2015-08-10,13.520000457763672,14.34000015258789,13.300000190734863,14.289999961853027,14.289999961853027,679500
2015-08-11,14.1899995803833,16.100000381469727,13.859999656677246,16.010000228881836,16.010000228881836,1200900
2015-08-12,16.0,18.56999969482422,15.5600004196167,16.8799991607666,16.8799991607666,2096400
2015-08-13,16.989999771118164,17.729999542236328,16.450000762939453,16.989999771118164,16.989999771118164,1288500
2015-08-14,17.06999969482422,17.649999618530273,16.649999618530273,17.079999923706055,17.079999923706055,1143200
2015-08-17,17.540000915527344,17.639999389648438,16.5,17.350000381469727,17.350000381469727,1132300
2015-08-18,17.15999984741211,17.469999313354492,15.779999732971191,15.859999656677246,15.859999656677246,793400
2015-08-19,15.680000305175781,16.034000396728516,14.930000305175781,14.979999542236328,14.979999542236328,844600
2015-08-20,14.609999656677246,14.96500015258789,13.800000190734863,14.25,14.25,853900
2015-08-21,13.90999984741211,14.109999656677246,13.25,13.460000038146973,13.460000038146973,1223600
2015-08-24,12.579999923706055,13.680000305175781,11.850000381469727,12.930000305175781,12.930000305175781,1002000
2015-08-25,13.899999618530273,14.0,12.84000015258789,12.869999885559082,12.869999885559082,638500
2015-08-26,13.199999809265137,13.300000190734863,12.630000114440918,13.039999961853027,13.039999961853027,580900
2015-08-27,13.25,14.3100004196167,13.1899995803833,14.289999961853027,14.289999961853027,838200
2015-08-28,14.220000267028809,15.1899995803833,14.119999885559082,14.819999694824219,14.819999694824219,661500
2015-08-31,14.609999656677246,14.880000114440918,13.880000114440918,14.329999923706055,14.329999923706055,782900
2015-09-01,13.84000015258789,14.449999809265137,13.805000305175781,14.0600004196167,14.0600004196167,440700
2015-09-02,14.229999542236328,14.5649995803833,13.880000114440918,14.350000381469727,14.350000381469727,431400
2015-09-03,14.260000228881836,14.789999961853027,13.9399995803833,14.020000457763672,14.020000457763672,398400
2015-09-04,13.899999618530273,14.300000190734863,13.710000038146973,14.210000038146973,14.210000038146973,297800
2015-09-08,14.569999694824219,14.649999618530273,14.079999923706055,14.359999656677246,14.359999656677246,252400
2015-09-09,14.539999961853027,14.600000381469727,13.899999618530273,13.989999771118164,13.989999771118164,516800
2015-09-10,13.890000343322754,14.300000190734863,13.869999885559082,14.229999542236328,14.229999542236328,336400
2015-09-11,14.079999923706055,14.380000114440918,13.960000038146973,14.3100004196167,14.3100004196167,270300
2015-09-14,14.170000076293945,14.5,13.979999542236328,14.380000114440918,14.380000114440918,209400
2015-09-15,14.479999542236328,14.760000228881836,14.380000114440918,14.600000381469727,14.600000381469727,190000
2015-09-16,14.529999732971191,14.65999984741211,14.140000343322754,14.390000343322754,14.390000343322754,207300
2015-09-17,14.319999694824219,15.65999984741211,14.319999694824219,15.609999656677246,15.609999656677246,643500
2015-09-18,15.279999732971191,15.699999809265137,14.899999618530273,15.399999618530273,15.399999618530273,617200
2015-09-21,15.4399995803833,16.729999542236328,15.170000076293945,15.899999618530273,15.899999618530273,896700
2015-09-22,15.5,15.989999771118164,15.100000381469727,15.180000305175781,15.180000305175781,393400
2015-09-23,15.15999984741211,15.34000015258789,14.34000015258789,14.609999656677246,14.609999656677246,341400
2015-09-24,14.390000343322754,14.989999771118164,14.15999984741211,14.979999542236328,14.979999542236328,243800
2015-09-25,15.130000114440918,15.289999961853027,14.0,14.109999656677246,14.109999656677246,425100
2015-09-28,14.119999885559082,14.369999885559082,13.859999656677246,13.880000114440918,13.880000114440918,591600
2015-09-29,13.9399995803833,14.199999809265137,13.520000457763672,13.819999694824219,13.819999694824219,539600
2015-09-30,14.0,14.1899995803833,13.3100004196167,13.6899995803833,13.6899995803833,500800
2015-10-01,13.90999984741211,14.350000381469727,13.430000305175781,14.149999618530273,14.149999618530273,315900
2015-10-02,14.079999923706055,14.569999694824219,13.890000343322754,14.319999694824219,14.319999694824219,394200
2015-10-05,14.380000114440918,15.109999656677246,14.050000190734863,14.65999984741211,14.65999984741211,261400
2015-10-06,14.739999771118164,14.880000114440918,13.640000343322754,14.069999694824219,14.069999694824219,383900
2015-10-07,14.100000381469727,14.699999809265137,13.960000038146973,14.180000305175781,14.180000305175781,298700
2015-10-08,13.270000457763672,13.949999809265137,13.199999809265137,13.569999694824219,13.569999694824219,902400
2015-10-09,13.630000114440918,14.069999694824219,13.149999618530273,13.859999656677246,13.859999656677246,289500
2015-10-12,13.670000076293945,13.670000076293945,12.204999923706055,12.3100004196167,12.3100004196167,612700
2015-10-13,12.25,13.1899995803833,11.515000343322754,11.600000381469727,11.600000381469727,1466500
2015-10-14,11.84000015258789,11.880000114440918,10.824999809265137,10.989999771118164,10.989999771118164,1091100
2015-10-15,10.569999694824219,11.25,10.289999961853027,11.029999732971191,11.029999732971191,2086600
2015-10-16,11.0,11.140000343322754,10.649999618530273,10.989999771118164,10.989999771118164,1187100
2015-10-19,10.890000343322754,11.039999961853027,10.529999732971191,10.9399995803833,10.9399995803833,1050300
2015-10-20,11.1899995803833,12.260000228881836,11.1899995803833,11.34000015258789,11.34000015258789,2070000
2015-10-21,11.3100004196167,11.630000114440918,10.619999885559082,10.680000305175781,10.680000305175781,1023300
2015-10-22,10.6899995803833,11.579999923706055,10.539999961853027,11.390000343322754,11.390000343322754,660100
2015-10-23,11.539999961853027,11.670000076293945,10.859999656677246,11.180000305175781,11.180000305175781,588500
2015-10-26,11.069999694824219,11.479999542236328,10.760000228881836,11.270000457763672,11.270000457763672,704300
2015-10-27,11.420000076293945,11.489999771118164,10.800000190734863,10.979999542236328,10.979999542236328,1157200
2015-10-28,10.949999809265137,11.140000343322754,10.649999618530273,11.09000015258789,11.09000015258789,786300
2015-10-29,11.09000015258789,11.239999771118164,10.800000190734863,10.90999984741211,10.90999984741211,748100
2015-10-30,10.989999771118164,11.069999694824219,10.75,10.899999618530273,10.899999618530273,370900
2015-11-02,10.770000457763672,10.899999618530273,10.3100004196167,10.6899995803833,10.6899995803833,1359200
2015-11-03,10.739999771118164,11.25,10.600000381469727,11.029999732971191,11.029999732971191,2049800
2015-11-04,10.529999732971191,10.729999542236328,9.789999961853027,9.970000267028809,9.970000267028809,2373300
2015-11-05,10.050000190734863,10.289999961853027,9.890000343322754,9.960000038146973,9.960000038146973,695500
2015-11-06,9.5,9.649999618530273,8.949999809265137,9.210000038146973,9.210000038146973,2185300
2015-11-09,8.90999984741211,9.34000015258789,8.789999961853027,8.800000190734863,8.800000190734863,982600
2015-11-10,8.710000038146973,8.725000381469727,7.909999847412109,8.489999771118164,8.489999771118164,4039700
2015-11-11,8.899999618530273,9.0,8.3100004196167,8.960000038146973,8.960000038146973,1558100
2015-11-12,8.720000267028809,9.170000076293945,8.625,8.9399995803833,8.9399995803833,1016800
2015-11-13,8.850000381469727,8.9399995803833,8.609999656677246,8.6899995803833,8.6899995803833,846000
2015-11-16,8.670000076293945,8.920000076293945,8.5,8.779999732971191,8.779999732971191,642000
2015-11-17,8.850000381469727,8.989999771118164,8.65999984741211,8.8100004196167,8.8100004196167,439900
2015-11-18,8.720000267028809,8.975000381469727,8.520000457763672,8.720000267028809,8.720000267028809,565600
2015-11-19,8.65999984741211,8.800000190734863,8.520000457763672,8.720000267028809,8.720000267028809,562700
2015-11-20,8.699999809265137,8.770000457763672,8.449999809265137,8.470000267028809,8.470000267028809,826300
2015-11-23,8.510000228881836,8.899999618530273,8.4399995803833,8.899999618530273,8.899999618530273,644400
2015-11-24,8.859999656677246,9.0,8.5,8.90999984741211,8.90999984741211,574000
2015-11-25,8.949999809265137,9.270000457763672,8.850000381469727,9.239999771118164,9.239999771118164,667300
2015-11-27,9.300000190734863,9.34000015258789,9.210000038146973,9.289999961853027,9.289999961853027,259400
2015-11-30,9.3100004196167,9.390000343322754,8.869999885559082,9.3100004196167,9.3100004196167,1203200
2015-12-01,9.3100004196167,9.3100004196167,9.210000038146973,9.279999732971191,9.279999732971191,491100
2015-12-02,9.239999771118164,9.460000038146973,9.1899995803833,9.229999542236328,9.229999542236328,452800
2015-12-03,9.329999923706055,9.359999656677246,9.010000228881836,9.199999809265137,9.199999809265137,602900
2015-12-04,9.289999961853027,9.350000381469727,8.755000114440918,9.270000457763672,9.270000457763672,914200
2015-12-07,9.3100004196167,9.600000381469727,9.020000457763672,9.470000267028809,9.470000267028809,1443500
2015-12-08,9.300000190734863,9.59000015258789,8.699999809265137,9.510000228881836,9.510000228881836,1567500
2015-12-09,9.5,9.680000305175781,8.876999855041504,9.430000305175781,9.430000305175781,1356500
2015-12-10,9.390000343322754,9.520000457763672,9.069999694824219,9.239999771118164,9.239999771118164,687300
2015-12-11,9.149999618530273,9.229999542236328,8.680000305175781,8.859999656677246,8.859999656677246,950000
2015-12-14,8.630000114440918,9.050000190734863,8.630000114440918,9.029999732971191,9.029999732971191,747700
2015-12-15,9.539999961853027,9.699999809265137,9.25,9.510000228881836,9.510000228881836,2131600
2015-12-16,9.619999885559082,9.880000114440918,9.520000457763672,9.789999961853027,9.789999961853027,1273000
2015-12-17,9.760000228881836,9.949999809265137,9.5600004196167,9.59000015258789,9.59000015258789,706400
2015-12-18,9.550000190734863,9.630000114440918,8.604999542236328,8.619999885559082,8.619999885559082,2215100
2015-12-21,8.710000038146973,8.756999969482422,8.414999961853027,8.710000038146973,8.710000038146973,658300
2015-12-22,8.100000381469727,8.789999961853027,8.0,8.779999732971191,8.779999732971191,1003500
2015-12-23,8.829999923706055,9.100000381469727,8.755000114440918,8.84000015258789,8.84000015258789,705700
2015-12-24,8.8100004196167,9.020000457763672,8.760000228881836,8.920000076293945,8.920000076293945,335400
2015-12-28,8.84000015258789,8.920000076293945,8.399999618530273,8.520000457763672,8.520000457763672,1065100
2015-12-29,8.520000457763672,8.600000381469727,8.229999542236328,8.510000228881836,8.510000228881836,792800
2015-12-30,8.449999809265137,8.510000228881836,8.369999885559082,8.479999542236328,8.479999542236328,813600
2015-12-31,8.390000343322754,8.529999732971191,8.234999656677246,8.260000228881836,8.260000228881836,1213000
2016-01-04,8.180000305175781,8.300000190734863,8.0,8.239999771118164,8.239999771118164,1063700
2016-01-05,8.239999771118164,8.550000190734863,8.079999923706055,8.510000228881836,8.510000228881836,698500
2016-01-06,8.300000190734863,8.819999694824219,8.149999618530273,8.800000190734863,8.800000190734863,939300
2016-01-07,8.609999656677246,9.050000190734863,8.359999656677246,8.670000076293945,8.670000076293945,1167700
2016-01-08,8.739999771118164,8.869999885559082,8.350000381469727,8.380000114440918,8.380000114440918,785800
2016-01-11,8.119999885559082,8.199999809265137,7.429999828338623,7.440000057220459,7.440000057220459,1964900
2016-01-12,7.440000057220459,7.5,6.889999866485596,7.349999904632568,7.349999904632568,1698400
2016-01-13,7.389999866485596,7.579999923706055,6.760000228881836,6.989999771118164,6.989999771118164,1185300
2016-01-14,7.039999961853027,7.28000020980835,6.679999828338623,7.070000171661377,7.070000171661377,1943900
2016-01-15,6.929999828338623,7.03000020980835,6.659999847412109,7.0,7.0,798800
2016-01-19,7.059999942779541,7.099999904632568,6.545000076293945,6.650000095367432,6.650000095367432,1425900
2016-01-20,6.539999961853027,7.0,6.039999961853027,6.880000114440918,6.880000114440918,1631800
2016-01-21,6.920000076293945,7.260000228881836,6.710000038146973,6.989999771118164,6.989999771118164,1167300
2016-01-22,7.110000133514404,7.454999923706055,7.059999942779541,7.420000076293945,7.420000076293945,888300
2016-01-25,7.360000133514404,7.440000057220459,7.210000038146973,7.25,7.25,807200
2016-01-26,7.239999771118164,7.420000076293945,7.03000020980835,7.380000114440918,7.380000114440918,434500
2016-01-27,7.320000171661377,7.440000057220459,7.210000038146973,7.300000190734863,7.300000190734863,484900
2016-01-28,7.369999885559082,7.590000152587891,7.079999923706055,7.489999771118164,7.489999771118164,1355300
2016-01-29,7.480000019073486,7.78000020980835,7.360000133514404,7.760000228881836,7.760000228881836,1190000
2016-02-01,7.75,7.75,7.360000133514404,7.550000190734863,7.550000190734863,840400
2016-02-02,7.400000095367432,7.429999828338623,7.03000020980835,7.119999885559082,7.119999885559082,1739000
2016-02-03,7.099999904632568,7.539999961853027,6.909999847412109,7.320000171661377,7.320000171661377,954700
2016-02-04,7.25,7.519999980926514,7.099999904632568,7.480000019073486,7.480000019073486,748300
2016-02-05,7.409999847412109,7.460000038146973,6.980000019073486,7.03000020980835,7.03000020980835,1125100
2016-02-08,6.929999828338623,6.989999771118164,6.400000095367432,6.71999979019165,6.71999979019165,1052500
2016-02-09,6.650000095367432,6.829999923706055,6.176000118255615,6.360000133514404,6.360000133514404,900900
2016-02-10,6.369999885559082,6.989999771118164,6.360000133514404,6.71999979019165,6.71999979019165,863400
2016-02-11,6.579999923706055,6.889999866485596,6.440000057220459,6.730000019073486,6.730000019073486,527900
2016-02-12,6.78000020980835,6.989999771118164,6.480000019073486,6.900000095367432,6.900000095367432,601300
2016-02-16,7.0,7.610000133514404,6.75,7.489999771118164,7.489999771118164,2044200
2016-02-17,7.53000020980835,8.430000305175781,7.440000057220459,8.039999961853027,8.039999961853027,4621800
2016-02-18,8.029999732971191,8.100000381469727,7.5,7.800000190734863,7.800000190734863,1177200
2016-02-19,7.710000038146973,8.020000457763672,7.610000133514404,7.929999828338623,7.929999828338623,1064100
2016-02-22,8.050000190734863,8.079999923706055,7.710000038146973,7.949999809265137,7.949999809265137,1018900
2016-02-23,8.039999961853027,8.0600004196167,7.300000190734863,7.389999866485596,7.389999866485596,3893200
2016-02-24,8.5,8.531000137329102,7.659999847412109,7.900000095367432,7.900000095367432,8775600
2016-02-25,7.889999866485596,8.079999923706055,7.210000038146973,7.900000095367432,7.900000095367432,3543400
2016-02-26,7.96999979019165,8.0,7.519999980926514,7.650000095367432,7.650000095367432,2888000
2016-02-29,7.650000095367432,7.960000038146973,7.309999942779541,7.940000057220459,7.940000057220459,3462700
2016-03-01,8.0,8.520000457763672,7.909999847412109,8.359999656677246,8.359999656677246,3106900
2016-03-02,8.350000381469727,9.149999618530273,8.300000190734863,8.920000076293945,8.920000076293945,2596100
2016-03-03,8.960000038146973,9.039999961853027,8.710000038146973,8.890000343322754,8.890000343322754,1862800
2016-03-04,8.899999618530273,9.15999984741211,8.640000343322754,8.819999694824219,8.819999694824219,1652800
2016-03-07,8.619999885559082,9.029999732971191,8.609999656677246,8.9399995803833,8.9399995803833,1502800
2016-03-08,8.800000190734863,9.010000228881836,8.640000343322754,8.680000305175781,8.680000305175781,1198700
2016-03-09,8.75,8.895000457763672,8.420000076293945,8.739999771118164,8.739999771118164,1086600
2016-03-10,8.8100004196167,9.180000305175781,8.779999732971191,9.0600004196167,9.0600004196167,1719900
2016-03-11,9.229999542236328,9.390000343322754,9.050000190734863,9.270000457763672,9.270000457763672,1426500
2016-03-14,9.1899995803833,9.319999694824219,8.8149995803833,9.050000190734863,9.050000190734863,1185600
2016-03-15,8.829999923706055,9.180000305175781,8.800000190734863,9.170000076293945,9.170000076293945,1523100
2016-03-16,9.119999885559082,9.244999885559082,8.9399995803833,9.15999984741211,9.15999984741211,713900
2016-03-17,9.119999885559082,9.34000015258789,9.09000015258789,9.270000457763672,9.270000457763672,708500
2016-03-18,9.25,9.399999618530273,9.100000381469727,9.229999542236328,9.229999542236328,1564400
2016-03-21,9.140000343322754,9.260000228881836,8.960000038146973,9.0600004196167,9.0600004196167,1170200
2016-03-22,9.0600004196167,9.295000076293945,9.010000228881836,9.149999618530273,9.149999618530273,687000
2016-03-23,9.0600004196167,9.180000305175781,8.779999732971191,8.869999885559082,8.869999885559082,1409100
2016-03-24,8.760000228881836,9.010000228881836,8.479999542236328,8.850000381469727,8.850000381469727,1127800
2016-03-28,8.850000381469727,8.970000267028809,8.210000038146973,8.699999809265137,8.699999809265137,1004000
2016-03-29,8.609999656677246,8.866000175476074,8.364999771118164,8.75,8.75,847100
2016-03-30,8.850000381469727,8.993000030517578,8.625,8.90999984741211,8.90999984741211,829000
2016-03-31,8.90999984741211,8.90999984741211,8.460000038146973,8.699999809265137,8.699999809265137,683400
2016-04-01,8.510000228881836,8.795000076293945,8.359999656677246,8.670000076293945,8.670000076293945,1078600
2016-04-04,8.6899995803833,8.8100004196167,8.479999542236328,8.710000038146973,8.710000038146973,821900
2016-04-05,8.59000015258789,8.670000076293945,8.295000076293945,8.319999694824219,8.319999694824219,1060200
2016-04-06,8.380000114440918,8.545000076293945,8.25,8.479999542236328,8.479999542236328,736900
2016-04-07,8.350000381469727,8.529999732971191,8.1899995803833,8.380000114440918,8.380000114440918,807200
2016-04-08,8.460000038146973,8.539999961853027,8.15999984741211,8.260000228881836,8.260000228881836,958000
2016-04-11,8.260000228881836,8.260000228881836,7.599999904632568,8.050000190734863,8.050000190734863,3454600
2016-04-12,8.069999694824219,8.319999694824219,7.929999828338623,8.25,8.25,1968800
2016-04-13,8.3100004196167,8.609999656677246,8.140000343322754,8.489999771118164,8.489999771118164,1924400
2016-04-14,8.489999771118164,8.600000381469727,8.390000343322754,8.460000038146973,8.460000038146973,943100
2016-04-15,8.390000343322754,8.979999542236328,8.390000343322754,8.770000457763672,8.770000457763672,1371800
2016-04-18,8.739999771118164,8.930000305175781,8.550999641418457,8.829999923706055,8.829999923706055,992300
2016-04-19,8.8100004196167,8.979999542236328,8.760000228881836,8.829999923706055,8.829999923706055,1314900
2016-04-20,8.760000228881836,8.899999618530273,8.75,8.789999961853027,8.789999961853027,712400
2016-04-21,8.770000457763672,9.114999771118164,8.720000267028809,8.979999542236328,8.979999542236328,1403600
2016-04-22,8.9399995803833,9.140000343322754,8.9399995803833,9.024999618530273,9.024999618530273,599800
2016-04-25,9.020000457763672,9.119999885559082,8.949999809265137,9.0,9.0,575100
2016-04-26,8.90999984741211,9.09000015258789,8.609999656677246,9.0600004196167,9.0600004196167,1276800
2016-04-27,9.100000381469727,9.380000114440918,9.052000045776367,9.329999923706055,9.329999923706055,961800
2016-04-28,9.3100004196167,9.4399995803833,8.600000381469727,8.699999809265137,8.699999809265137,1670800
2016-04-29,8.729999542236328,8.920000076293945,8.59000015258789,8.779999732971191,8.779999732971191,1053100
2016-05-02,8.760000228881836,8.930000305175781,8.479999542236328,8.510000228881836,8.510000228881836,1701900
2016-05-03,8.670000076293945,8.692000389099121,8.3100004196167,8.399999618530273,8.399999618530273,2775700
2016-05-04,9.5,9.5,8.505000114440918,8.819999694824219,8.819999694824219,8603900
2016-05-05,9.109999656677246,9.239999771118164,8.859999656677246,8.970000267028809,8.970000267028809,2507800
2016-05-06,8.949999809265137,9.0,8.0600004196167,8.270000457763672,8.270000457763672,4610700
2016-05-09,8.210000038146973,8.319999694824219,7.769999980926514,8.1899995803833,8.1899995803833,1626200
2016-05-10,8.199999809265137,8.510000228881836,7.929999828338623,8.40999984741211,8.40999984741211,1917300
2016-05-11,8.350000381469727,8.390000343322754,8.180000305175781,8.289999961853027,8.289999961853027,1209800
2016-05-12,8.3100004196167,8.4399995803833,8.069999694824219,8.279999732971191,8.279999732971191,1237600
2016-05-13,8.260000228881836,8.710000038146973,8.204000473022461,8.59000015258789,8.59000015258789,1496200
2016-05-16,8.579999923706055,8.739999771118164,8.390000343322754,8.609999656677246,8.609999656677246,981100
2016-05-17,8.619999885559082,8.720000267028809,8.399999618530273,8.479999542236328,8.479999542236328,1020200
2016-05-18,8.449999809265137,8.579999923706055,8.25,8.34000015258789,8.34000015258789,1154400
2016-05-19,8.3100004196167,8.470000267028809,8.11299991607666,8.220000267028809,8.220000267028809,878000
2016-05-20,8.260000228881836,8.430000305175781,8.220000267028809,8.380000114440918,8.380000114440918,880700
2016-05-23,8.329999923706055,8.670000076293945,8.260000228881836,8.550000190734863,8.550000190734863,763000
2016-05-24,8.550000190734863,8.680000305175781,8.420000076293945,8.489999771118164,8.489999771118164,847900
2016-05-25,8.5,8.609999656677246,8.399999618530273,8.5600004196167,8.5600004196167,1046100
2016-05-26,8.729999542236328,8.979999542236328,8.6850004196167,8.859999656677246,8.859999656677246,1655500
2016-05-27,8.850000381469727,9.039999961853027,8.800000190734863,8.9399995803833,8.9399995803833,1153400
2016-05-31,9.130000114440918,9.289999961853027,8.859999656677246,9.25,9.25,1712400
2016-06-01,9.210000038146973,9.6899995803833,9.100000381469727,9.399999618530273,9.399999618530273,1587300
2016-06-02,9.359999656677246,9.40999984741211,8.979999542236328,9.319999694824219,9.319999694824219,1030100
2016-06-03,9.239999771118164,9.3100004196167,9.09000015258789,9.210000038146973,9.210000038146973,737300
2016-06-06,9.229999542236328,9.65999984741211,9.1899995803833,9.640000343322754,9.640000343322754,1204500
2016-06-07,9.630000114440918,9.789999961853027,9.5,9.630000114440918,9.630000114440918,1457000
2016-06-08,9.6899995803833,9.789999961853027,9.5,9.5600004196167,9.5600004196167,865000
2016-06-09,9.5600004196167,9.729999542236328,9.399999618530273,9.670000076293945,9.670000076293945,1097100
2016-06-10,9.550000190734863,9.729999542236328,9.380000114440918,9.4399995803833,9.4399995803833,933000
2016-06-13,9.390000343322754,9.699999809265137,9.319999694824219,9.569999694824219,9.569999694824219,1264500
2016-06-14,9.579999923706055,9.859999656677246,9.390000343322754,9.579999923706055,9.579999923706055,1365400
2016-06-15,9.619999885559082,9.880000114440918,9.579999923706055,9.789999961853027,9.789999961853027,1092600
2016-06-16,9.6899995803833,9.984999656677246,9.479999542236328,9.899999618530273,9.899999618530273,999400
2016-06-17,9.90999984741211,9.972000122070312,9.640000343322754,9.720000267028809,9.720000267028809,1527800
2016-06-20,9.859999656677246,10.0,9.765000343322754,10.0,10.0,1584000
2016-06-21,9.949999809265137,10.100000381469727,9.434000015258789,9.75,9.75,1893000
2016-06-22,9.729999542236328,9.890000343322754,9.489999771118164,9.579999923706055,9.579999923706055,1166300
2016-06-23,9.65999984741211,10.029999732971191,9.640000343322754,9.930000305175781,9.930000305175781,1756400
2016-06-24,9.489999771118164,9.680000305175781,9.210000038146973,9.260000228881836,9.260000228881836,11475200
2016-06-27,9.069999694824219,9.119999885559082,8.5600004196167,8.739999771118164,8.739999771118164,2740400
2016-06-28,8.850000381469727,9.069999694824219,8.760000228881836,8.84000015258789,8.84000015258789,759600
2016-06-29,8.979999542236328,9.470000267028809,8.869999885559082,9.40999984741211,9.40999984741211,885300
2016-06-30,9.40999984741211,9.600000381469727,9.399999618530273,9.59000015258789,9.59000015258789,746900
2016-07-01,9.630000114440918,9.729999542236328,9.579999923706055,9.65999984741211,9.65999984741211,487400
2016-07-05,9.550000190734863,9.550000190734863,9.270000457763672,9.460000038146973,9.460000038146973,628800
2016-07-06,9.380000114440918,9.470000267028809,9.104999542236328,9.199999809265137,9.199999809265137,1150200
2016-07-07,9.149999618530273,9.40999984741211,9.074999809265137,9.210000038146973,9.210000038146973,919100
2016-07-08,9.3100004196167,9.850000381469727,9.3100004196167,9.600000381469727,9.600000381469727,1347600
2016-07-11,9.6899995803833,9.84000015258789,9.539999961853027,9.710000038146973,9.710000038146973,1574200
2016-07-12,9.800000190734863,10.779999732971191,9.779999732971191,10.199999809265137,10.199999809265137,4255100
2016-07-13,10.199999809265137,10.319999694824219,10.050000190734863,10.15999984741211,10.15999984741211,1137400
2016-07-14,10.199999809265137,10.289999961853027,10.100000381469727,10.140000343322754,10.140000343322754,675900
2016-07-15,10.1899995803833,10.199999809265137,9.890000343322754,9.989999771118164,9.989999771118164,1044500
2016-07-18,10.0,10.0,9.696999549865723,9.880000114440918,9.880000114440918,613900
2016-07-19,9.989999771118164,10.0600004196167,9.819999694824219,9.829999923706055,9.829999923706055,1301000
2016-07-20,9.880000114440918,10.085000038146973,9.819999694824219,9.989999771118164,9.989999771118164,844300
2016-07-21,10.020000457763672,10.210000038146973,9.8149995803833,9.829999923706055,9.829999923706055,798400
2016-07-22,9.800000190734863,9.90999984741211,9.760000228881836,9.819999694824219,9.819999694824219,575400
2016-07-25,9.8100004196167,10.039999961853027,9.770000457763672,9.880000114440918,9.880000114440918,759200
2016-07-26,9.850000381469727,10.0,9.800000190734863,9.859999656677246,9.859999656677246,758000
2016-07-27,9.920000076293945,10.069999694824219,9.8100004196167,9.819999694824219,9.819999694824219,713700
2016-07-28,9.880000114440918,10.3100004196167,9.8100004196167,10.109999656677246,10.109999656677246,1691700
2016-07-29,10.119999885559082,10.197999954223633,9.90999984741211,10.0600004196167,10.0600004196167,958600
2016-08-01,10.550000190734863,12.0,10.211000442504883,11.859999656677246,11.859999656677246,9391200
2016-08-02,12.15999984741211,12.949999809265137,11.720000267028809,12.710000038146973,12.710000038146973,7831200
2016-08-03,13.600000381469727,14.569999694824219,13.220000267028809,13.84000015258789,13.84000015258789,9891000
2016-08-04,13.65999984741211,14.210000038146973,13.539999961853027,14.069999694824219,14.069999694824219,2414600
2016-08-05,13.84000015258789,13.890000343322754,13.329999923706055,13.770000457763672,13.770000457763672,3089600
2016-08-08,13.739999771118164,13.899999618530273,13.449999809265137,13.6899995803833,13.6899995803833,1685300
2016-08-09,13.600000381469727,14.0,13.5,13.760000228881836,13.760000228881836,1365400
2016-08-10,13.760000228881836,13.850000381469727,13.470000267028809,13.779999732971191,13.779999732971191,1148400
2016-08-11,13.760000228881836,14.5600004196167,13.760000228881836,14.5,14.5,2051600
2016-08-12,14.420000076293945,14.6899995803833,14.3100004196167,14.449999809265137,14.449999809265137,1130100
2016-08-15,14.539999961853027,14.65999984741211,14.40999984741211,14.489999771118164,14.489999771118164,1100900
2016-08-16,14.460000038146973,14.460000038146973,14.151000022888184,14.260000228881836,14.260000228881836,942700
2016-08-17,14.260000228881836,14.319000244140625,13.859999656677246,13.979999542236328,13.979999542236328,944100
2016-08-18,13.949999809265137,14.289999961853027,13.930000305175781,14.1899995803833,14.1899995803833,703600
2016-08-19,14.1899995803833,14.25,14.050000190734863,14.069999694824219,14.069999694824219,633500
2016-08-22,14.039999961853027,14.170000076293945,13.835000038146973,13.989999771118164,13.989999771118164,649200
2016-08-23,14.109999656677246,14.15999984741211,13.920000076293945,13.979999542236328,13.979999542236328,827000
2016-08-24,13.899999618530273,14.050000190734863,13.640000343322754,13.670000076293945,13.670000076293945,549600
2016-08-25,13.6899995803833,13.869999885559082,13.489999771118164,13.550000190734863,13.550000190734863,737200
2016-08-26,13.529999732971191,13.729999542236328,13.239999771118164,13.420000076293945,13.420000076293945,2005500
2016-08-29,13.40999984741211,13.760000228881836,13.385000228881836,13.529999732971191,13.529999732971191,570700
2016-08-30,13.489999771118164,13.65999984741211,13.329999923706055,13.470000267028809,13.470000267028809,565700
2016-08-31,13.430000305175781,13.5,13.21500015258789,13.460000038146973,13.460000038146973,495800
2016-09-01,13.380000114440918,13.850000381469727,13.350000381469727,13.779999732971191,13.779999732971191,644200
2016-09-02,13.899999618530273,14.050000190734863,13.75,13.869999885559082,13.869999885559082,963600
2016-09-06,13.949999809265137,14.279999732971191,13.871000289916992,14.1899995803833,14.1899995803833,1126000
2016-09-07,14.140000343322754,14.369999885559082,14.135000228881836,14.359999656677246,14.359999656677246,871300
2016-09-08,14.350000381469727,14.40999984741211,14.144000053405762,14.270000457763672,14.270000457763672,778000
2016-09-09,14.149999618530273,14.25,13.59000015258789,13.640000343322754,13.640000343322754,1009100
2016-09-12,13.680000305175781,13.989999771118164,13.520000457763672,13.869999885559082,13.869999885559082,1334700
2016-09-13,13.720000267028809,13.850000381469727,13.449999809265137,13.680000305175781,13.680000305175781,592400
2016-09-14,13.569999694824219,14.050000190734863,13.529999732971191,13.6899995803833,13.6899995803833,978300
2016-09-15,13.670000076293945,13.739999771118164,13.529999732971191,13.630000114440918,13.630000114440918,833800
2016-09-16,13.670000076293945,13.899999618530273,13.449999809265137,13.569999694824219,13.569999694824219,3930500
2016-09-19,13.65999984741211,13.789999961853027,13.3100004196167,13.359999656677246,13.359999656677246,867200
2016-09-20,13.479999542236328,13.760000228881836,13.430000305175781,13.510000228881836,13.510000228881836,1072700
2016-09-21,13.970000267028809,15.0,13.770000457763672,14.539999961853027,14.539999961853027,5240700
2016-09-22,14.6899995803833,14.819999694824219,14.130000114440918,14.819999694824219,14.819999694824219,2477800
2016-09-23,14.75,15.699999809265137,14.550000190734863,15.21500015258789,15.21500015258789,3096800
2016-09-26,15.270000457763672,15.289999961853027,14.579999923706055,14.819999694824219,14.819999694824219,1862800
2016-09-27,14.819999694824219,15.04699993133545,14.649999618530273,14.699999809265137,14.699999809265137,1040400
2016-09-28,14.649999618530273,14.873000144958496,14.300000190734863,14.760000228881836,14.760000228881836,1483700
2016-09-29,14.670000076293945,14.8100004196167,14.380000114440918,14.430000305175781,14.430000305175781,978200
2016-09-30,14.479999542236328,14.5,14.069999694824219,14.279999732971191,14.279999732971191,1482300
2016-10-03,14.199999809265137,15.0600004196167,14.010000228881836,14.720000267028809,14.720000267028809,2401500
2016-10-04,14.8100004196167,15.829999923706055,14.8100004196167,15.369999885559082,15.369999885559082,2712700
2016-10-05,15.430000305175781,15.65999984741211,15.220000267028809,15.350000381469727,15.350000381469727,1997500
2016-10-06,15.260000228881836,15.40999984741211,15.020000457763672,15.130000114440918,15.130000114440918,734700
2016-10-07,15.470000267028809,16.049999237060547,15.25,15.479999542236328,15.479999542236328,3513100
2016-10-10,15.850000381469727,16.0,15.579999923706055,15.8100004196167,15.8100004196167,1428500
2016-10-11,15.720000267028809,15.8100004196167,14.949999809265137,15.270000457763672,15.270000457763672,1525300
2016-10-12,15.1899995803833,15.3100004196167,14.949999809265137,15.109999656677246,15.109999656677246,870000
2016-10-13,14.90999984741211,15.020000457763672,14.602999687194824,14.819999694824219,14.819999694824219,1211800
2016-10-14,14.920000076293945,15.050000190734863,14.479999542236328,14.479999542236328,14.479999542236328,1061600
2016-10-17,14.40999984741211,14.479999542236328,14.050999641418457,14.369999885559082,14.369999885559082,897600
2016-10-18,14.579999923706055,14.65999984741211,14.319999694824219,14.390000343322754,14.390000343322754,838300
2016-10-19,14.399999618530273,14.609999656677246,14.380000114440918,14.479999542236328,14.479999542236328,555800
2016-10-20,14.430000305175781,14.550000190734863,14.21399974822998,14.3100004196167,14.3100004196167,911300
2016-10-21,14.119999885559082,14.300000190734863,14.0600004196167,14.229999542236328,14.229999542236328,944300
2016-10-24,14.270000457763672,14.510000228881836,13.970000267028809,14.100000381469727,14.100000381469727,1210700
2016-10-25,14.100000381469727,14.21500015258789,13.375,13.550000190734863,13.550000190734863,1778500
2016-10-26,13.520000457763672,13.539999961853027,13.119999885559082,13.130000114440918,13.130000114440918,1342200
2016-10-27,13.239999771118164,13.529999732971191,12.75,12.829999923706055,12.829999923706055,1360700
2016-10-28,12.829999923706055,13.039999961853027,12.399999618530273,12.430000305175781,12.430000305175781,1658000
2016-10-31,12.5,13.220000267028809,12.430000305175781,12.979999542236328,12.979999542236328,2225400
2016-11-01,13.109999656677246,13.449999809265137,12.829999923706055,12.949999809265137,12.949999809265137,3081800
2016-11-02,13.25,13.25,11.229999542236328,11.270000457763672,11.270000457763672,5722200
2016-11-03,11.210000038146973,11.470000267028809,10.84000015258789,11.09000015258789,11.09000015258789,2033600
2016-11-04,11.050000190734863,11.510000228881836,11.020000457763672,11.449999809265137,11.449999809265137,1491000
2016-11-07,11.819999694824219,11.9399995803833,11.619999885559082,11.770000457763672,11.770000457763672,1369200
2016-11-08,11.6899995803833,11.920000076293945,11.390000343322754,11.520000457763672,11.520000457763672,1597100
2016-11-09,11.5,11.5,11.020000457763672,11.369999885559082,11.369999885559082,1507300
2016-11-10,11.550000190734863,11.890000343322754,11.15999984741211,11.479999542236328,11.479999542236328,2163900
2016-11-11,11.380000114440918,11.84000015258789,11.300000190734863,11.720000267028809,11.720000267028809,1340300
2016-11-14,11.859999656677246,11.899999618530273,11.569999694824219,11.670000076293945,11.670000076293945,1190700
2016-11-15,11.649999618530273,12.09000015258789,11.619999885559082,12.050000190734863,12.050000190734863,1529400
2016-11-16,12.010000228881836,12.279999732971191,11.84000015258789,12.0,12.0,1301400
2016-11-17,12.850000381469727,12.850000381469727,12.079999923706055,12.460000038146973,12.460000038146973,1004000
2016-11-18,12.470000267028809,12.670000076293945,12.34000015258789,12.59000015258789,12.59000015258789,1328400
2016-11-21,12.65999984741211,13.010000228881836,12.579999923706055,12.9399995803833,12.9399995803833,1542000
2016-11-22,12.90999984741211,13.15999984741211,12.770000457763672,13.100000381469727,13.100000381469727,1301000
2016-11-23,13.149999618530273,13.229999542236328,12.819999694824219,13.119999885559082,13.119999885559082,1065500
2016-11-25,13.34000015258789,13.399999618530273,13.050000190734863,13.09000015258789,13.09000015258789,524700
2016-11-28,13.039999961853027,13.079999923706055,12.760000228881836,12.84000015258789,12.84000015258789,1068700
2016-11-29,12.850000381469727,12.90999984741211,12.600000381469727,12.729999542236328,12.729999542236328,982300
2016-11-30,12.859999656677246,12.970999717712402,12.210000038146973,12.399999618530273,12.399999618530273,1723700
2016-12-01,12.380000114440918,12.40999984741211,11.640000343322754,11.930000305175781,11.930000305175781,2788500
2016-12-02,11.920000076293945,11.960000038146973,11.300000190734863,11.829999923706055,11.829999923706055,2693400
2016-12-05,11.899999618530273,12.300000190734863,11.890000343322754,12.09000015258789,12.09000015258789,1045200
2016-12-06,12.1899995803833,12.380000114440918,12.0,12.359999656677246,12.359999656677246,1171900
2016-12-07,12.399999618530273,12.640000343322754,12.260000228881836,12.600000381469727,12.600000381469727,963700
2016-12-08,12.670000076293945,12.699999809265137,12.454999923706055,12.569999694824219,12.569999694824219,1135400
2016-12-09,12.600000381469727,12.850000381469727,12.279999732971191,12.369999885559082,12.369999885559082,864900
2016-12-12,12.420000076293945,12.420000076293945,12.0600004196167,12.180000305175781,12.180000305175781,1043800
2016-12-13,12.220000267028809,12.479999542236328,12.130000114440918,12.239999771118164,12.239999771118164,1308600
2016-12-14,11.930000305175781,12.456999778747559,11.699999809265137,11.84000015258789,11.84000015258789,1386900
2016-12-15,11.949999809265137,12.609999656677246,11.75,12.550000190734863,12.550000190734863,2633300
2016-12-16,12.609999656677246,12.869999885559082,12.529999732971191,12.779999732971191,12.779999732971191,2575400
2016-12-19,12.819999694824219,12.994999885559082,12.489999771118164,12.920000076293945,12.920000076293945,945900
2016-12-20,12.819999694824219,12.859999656677246,12.670000076293945,12.779999732971191,12.779999732971191,956200
2016-12-21,12.75,12.994999885559082,12.619999885559082,12.670000076293945,12.670000076293945,1046900
2016-12-22,12.609999656677246,12.760000228881836,11.630000114440918,11.9399995803833,11.9399995803833,3959100
2016-12-23,12.0,12.25,11.765000343322754,11.979999542236328,11.979999542236328,1471600
2016-12-27,12.0,12.579000473022461,11.989999771118164,12.180000305175781,12.180000305175781,1097600
2016-12-28,12.199999809265137,12.390000343322754,11.819999694824219,11.869999885559082,11.869999885559082,1378300
2016-12-29,11.890000343322754,12.119999885559082,11.59000015258789,11.760000228881836,11.760000228881836,937700
2016-12-30,11.789999961853027,11.861000061035156,11.529999732971191,11.779999732971191,11.779999732971191,960300
2017-01-03,11.970000267028809,12.130000114440918,11.739999771118164,11.880000114440918,11.880000114440918,1274400
2017-01-04,11.90999984741211,12.020000457763672,11.760000228881836,11.970000267028809,11.970000267028809,1043700
2017-01-05,12.350000381469727,12.510000228881836,11.880000114440918,12.399999618530273,12.399999618530273,2153700
2017-01-06,12.220000267028809,13.239999771118164,12.109999656677246,13.079999923706055,13.079999923706055,3653000
2017-01-09,13.079999923706055,13.170000076293945,12.220000267028809,12.350000381469727,12.350000381469727,1961200
2017-01-10,12.319999694824219,12.899999618530273,12.25,12.770000457763672,12.770000457763672,1556500
2017-01-11,12.859999656677246,12.899999618530273,12.470000267028809,12.729999542236328,12.729999542236328,760300
2017-01-12,12.649999618530273,12.729999542236328,12.300000190734863,12.470000267028809,12.470000267028809,685600
2017-01-13,12.520000457763672,12.744999885559082,12.5,12.520000457763672,12.520000457763672,929100
2017-01-17,12.529999732971191,13.199999809265137,12.529999732971191,12.770000457763672,12.770000457763672,1380500
2017-01-18,12.789999961853027,13.045000076293945,12.569999694824219,12.899999618530273,12.899999618530273,1064000
2017-01-19,12.90999984741211,13.029999732971191,12.399999618530273,12.600000381469727,12.600000381469727,1528200
2017-01-20,12.569999694824219,12.663000106811523,12.210000038146973,12.40999984741211,12.40999984741211,1764400
2017-01-23,12.399999618530273,12.65999984741211,12.220000267028809,12.649999618530273,12.649999618530273,1076300
2017-01-24,12.800000190734863,13.0,12.609999656677246,12.970000267028809,12.970000267028809,923000
2017-01-25,13.039999961853027,13.210000038146973,12.765000343322754,12.819999694824219,12.819999694824219,1005200
2017-01-26,13.100000381469727,13.609999656677246,12.899999618530273,13.0,13.0,2226600
2017-01-27,13.0,13.109999656677246,12.710000038146973,12.930000305175781,12.930000305175781,912800
2017-01-30,12.859999656677246,12.869999885559082,12.50100040435791,12.75,12.75,846400
2017-01-31,12.619999885559082,12.710000038146973,12.25,12.609999656677246,12.609999656677246,1055800
2017-02-01,12.649999618530273,12.8100004196167,12.430000305175781,12.460000038146973,12.460000038146973,1363100
2017-02-02,12.520000457763672,12.920000076293945,12.350000381469727,12.699999809265137,12.699999809265137,855200
2017-02-03,12.75,12.880000114440918,12.555000305175781,12.640000343322754,12.640000343322754,826200
2017-02-06,12.600000381469727,12.600000381469727,12.170000076293945,12.34000015258789,12.34000015258789,1035800
2017-02-07,12.369999885559082,12.520000457763672,12.25,12.430000305175781,12.430000305175781,968700
2017-02-08,12.390000343322754,12.529999732971191,12.130000114440918,12.5,12.5,1099400
2017-02-09,12.569999694824219,12.75,12.479999542236328,12.5,12.5,1108200
2017-02-10,12.550000190734863,12.895000457763672,12.493000030517578,12.84000015258789,12.84000015258789,934300
2017-02-13,12.850000381469727,12.989999771118164,12.75,12.760000228881836,12.760000228881836,589300
2017-02-14,12.699999809265137,12.970000267028809,12.510000228881836,12.859999656677246,12.859999656677246,712000
2017-02-15,12.920000076293945,13.390000343322754,12.8100004196167,13.329999923706055,13.329999923706055,1523500
2017-02-16,13.380000114440918,13.420000076293945,12.800000190734863,12.920000076293945,12.920000076293945,1182600
2017-02-17,12.970000267028809,13.180000305175781,12.854999542236328,12.899999618530273,12.899999618530273,872600
2017-02-21,12.930000305175781,13.020000457763672,12.75,13.010000228881836,13.010000228881836,885600
2017-02-22,13.0,13.170000076293945,12.850000381469727,12.899999618530273,12.899999618530273,1006900
2017-02-23,12.899999618530273,12.930000305175781,12.479999542236328,12.510000228881836,12.510000228881836,1477400
2017-02-24,12.420000076293945,13.029999732971191,12.0,12.720000267028809,12.720000267028809,1403600
2017-02-27,12.720000267028809,12.960000038146973,12.640000343322754,12.789999961853027,12.789999961853027,1244700
2017-02-28,12.850000381469727,12.883999824523926,12.050000190734863,12.119999885559082,12.119999885559082,3156300
2017-03-01,11.460000038146973,11.789999961853027,10.0600004196167,10.6899995803833,10.6899995803833,10163500
2017-03-02,10.630000114440918,10.920000076293945,10.600000381469727,10.65999984741211,10.65999984741211,2565500
2017-03-03,10.600000381469727,10.767999649047852,10.180000305175781,10.1899995803833,10.1899995803833,2982200
2017-03-06,10.119999885559082,10.449999809265137,10.0,10.140000343322754,10.140000343322754,2215200
2017-03-07,10.100000381469727,10.140000343322754,9.789999961853027,9.8100004196167,9.8100004196167,2344300
2017-03-08,9.630000114440918,9.800000190734863,9.40999984741211,9.5600004196167,9.5600004196167,3554100
2017-03-09,9.5600004196167,9.880000114440918,9.539999961853027,9.640000343322754,9.640000343322754,2182700
2017-03-10,9.6899995803833,9.8100004196167,9.5,9.720000267028809,9.720000267028809,2654400
2017-03-13,9.739999771118164,10.079999923706055,9.720000267028809,10.050000190734863,10.050000190734863,1940200
2017-03-14,9.989999771118164,10.0600004196167,9.869999885559082,10.039999961853027,10.039999961853027,1664100
2017-03-15,10.079999923706055,10.300000190734863,9.970000267028809,10.229999542236328,10.229999542236328,1732500
2017-03-16,10.25,10.430000305175781,10.199999809265137,10.380000114440918,10.380000114440918,1705000
2017-03-17,10.369999885559082,10.494999885559082,10.277000427246094,10.369999885559082,10.369999885559082,1970100
2017-03-20,10.34000015258789,10.40999984741211,10.210000038146973,10.270000457763672,10.270000457763672,1191100
2017-03-21,10.319999694824219,10.4399995803833,9.9399995803833,9.989999771118164,9.989999771118164,2181300
2017-03-22,10.0,10.130000114440918,9.850000381469727,10.039999961853027,10.039999961853027,1592700
2017-03-23,10.020000457763672,10.039999961853027,9.84000015258789,9.890000343322754,9.890000343322754,1363600
2017-03-24,9.899999618530273,10.0,9.819999694824219,9.880000114440918,9.880000114440918,823000
2017-03-27,9.75,10.1899995803833,9.600000381469727,10.149999618530273,10.149999618530273,1264800
2017-03-28,10.140000343322754,10.199999809265137,9.944999694824219,10.109999656677246,10.109999656677246,1152100
2017-03-29,10.079999923706055,10.489999771118164,10.055000305175781,10.350000381469727,10.350000381469727,1879900
2017-03-30,10.300000190734863,10.5,10.300000190734863,10.399999618530273,10.399999618530273,999900
2017-03-31,10.420000076293945,10.729999542236328,10.354999542236328,10.630000114440918,10.630000114440918,2320900
2017-04-03,10.619999885559082,10.729999542236328,10.369999885559082,10.630000114440918,10.630000114440918,2089100
2017-04-04,10.619999885559082,10.75,10.489999771118164,10.699999809265137,10.699999809265137,1773700
2017-04-05,10.779999732971191,10.944999694824219,10.5600004196167,10.59000015258789,10.59000015258789,1460300
2017-04-06,10.609999656677246,10.710000038146973,10.5,10.609999656677246,10.609999656677246,959000
2017-04-07,10.59000015258789,10.65999984741211,10.420000076293945,10.470000267028809,10.470000267028809,2035300
2017-04-10,10.489999771118164,10.710000038146973,10.489999771118164,10.569999694824219,10.569999694824219,1184600
2017-04-11,10.59000015258789,10.739999771118164,10.479999542236328,10.569999694824219,10.569999694824219,1545300
2017-04-12,10.539999961853027,10.649999618530273,10.4399995803833,10.529999732971191,10.529999732971191,1666100
2017-04-13,10.5,10.619999885559082,10.1899995803833,10.289999961853027,10.289999961853027,2872200
2017-04-17,10.300000190734863,10.630000114440918,10.220000267028809,10.529999732971191,10.529999732971191,3263900
2017-04-18,10.5,10.65999984741211,10.430000305175781,10.649999618530273,10.649999618530273,1617500
2017-04-19,10.6899995803833,10.979999542236328,10.6899995803833,10.869999885559082,10.869999885559082,2713700
2017-04-20,10.90999984741211,11.069999694824219,10.8100004196167,11.010000228881836,11.010000228881836,1208500
2017-04-21,10.989999771118164,11.020000457763672,10.539999961853027,10.630000114440918,10.630000114440918,2545000
2017-04-24,10.8100004196167,10.920000076293945,10.680000305175781,10.710000038146973,10.710000038146973,1196900
2017-04-25,10.800000190734863,10.859999656677246,10.430000305175781,10.479999542236328,10.479999542236328,2439600
2017-04-26,10.369999885559082,10.640000343322754,10.279999732971191,10.460000038146973,10.460000038146973,2471800
2017-04-27,10.489999771118164,10.734999656677246,10.319999694824219,10.680000305175781,10.680000305175781,2191900
2017-04-28,10.630000114440918,10.989999771118164,10.579999923706055,10.760000228881836,10.760000228881836,1701100
2017-05-01,10.8100004196167,11.109999656677246,10.789999961853027,11.0600004196167,11.0600004196167,1263400
2017-05-02,11.0600004196167,11.779999732971191,10.963000297546387,11.390000343322754,11.390000343322754,4580600
2017-05-03,10.109999656677246,11.1899995803833,9.899999618530273,10.505000114440918,10.505000114440918,13326000
2017-05-04,10.640000343322754,10.720000267028809,10.319999694824219,10.619999885559082,10.619999885559082,7222100
2017-05-05,10.640000343322754,11.680000305175781,10.5,11.65999984741211,11.65999984741211,5518600
2017-05-08,11.65999984741211,11.65999984741211,11.050000190734863,11.319999694824219,11.319999694824219,5802800
2017-05-09,11.350000381469727,11.59000015258789,11.300000190734863,11.539999961853027,11.539999961853027,3157000
2017-05-10,11.529999732971191,11.630000114440918,11.180000305175781,11.420000076293945,11.420000076293945,2636400
2017-05-11,11.34000015258789,11.390000343322754,11.015000343322754,11.15999984741211,11.15999984741211,4611900
2017-05-12,11.09000015258789,11.329999923706055,10.90999984741211,11.260000228881836,11.260000228881836,3622800
2017-05-15,11.279999732971191,11.539999961853027,11.260000228881836,11.319999694824219,11.319999694824219,2116600
2017-05-16,12.899999618530273,14.109999656677246,12.866000175476074,13.729999542236328,13.729999542236328,18323000
2017-05-17,13.399999618530273,13.670000076293945,12.770000457763672,12.9399995803833,12.9399995803833,5089600
2017-05-18,12.880000114440918,13.260000228881836,12.710000038146973,13.130000114440918,13.130000114440918,2713200
2017-05-19,13.149999618530273,13.380000114440918,13.029999732971191,13.3100004196167,13.3100004196167,1816300
2017-05-22,13.34000015258789,13.40999984741211,12.954999923706055,13.149999618530273,13.149999618530273,2012100
2017-05-23,13.25,13.359999656677246,12.979999542236328,13.3100004196167,13.3100004196167,1778100
2017-05-24,13.319999694824219,13.479999542236328,13.149999618530273,13.399999618530273,13.399999618530273,1189100
2017-05-25,13.140000343322754,13.329999923706055,12.960000038146973,13.180000305175781,13.180000305175781,1228400
2017-05-26,13.109999656677246,13.489999771118164,13.020000457763672,13.449999809265137,13.449999809265137,1176800
2017-05-30,13.449999809265137,13.600000381469727,13.239999771118164,13.359999656677246,13.359999656677246,802600
2017-05-31,13.460000038146973,13.460000038146973,13.149999618530273,13.40999984741211,13.40999984741211,928600
2017-06-01,13.359999656677246,13.670000076293945,13.25,13.550000190734863,13.550000190734863,1791100
2017-06-02,13.640000343322754,13.699999809265137,13.359999656677246,13.470000267028809,13.470000267028809,1426000
2017-06-05,13.4399995803833,13.619999885559082,13.34000015258789,13.539999961853027,13.539999961853027,1985500
2017-06-06,13.579999923706055,13.710000038146973,13.34000015258789,13.489999771118164,13.489999771118164,1310500
2017-06-07,13.470000267028809,13.550000190734863,13.3100004196167,13.430000305175781,13.430000305175781,2474300
2017-06-08,13.40999984741211,13.949999809265137,13.3100004196167,13.920000076293945,13.920000076293945,1717500
2017-06-09,13.970000267028809,14.039999961853027,13.170000076293945,13.449999809265137,13.449999809265137,2083500
2017-06-12,13.350000381469727,13.454999923706055,13.119999885559082,13.260000228881836,13.260000228881836,2356300
2017-06-13,13.3100004196167,13.890000343322754,13.3100004196167,13.640000343322754,13.640000343322754,5086600
2017-06-14,13.670000076293945,13.779999732971191,13.420000076293945,13.569999694824219,13.569999694824219,1337800
2017-06-15,13.420000076293945,13.869999885559082,13.420000076293945,13.850000381469727,13.850000381469727,1297500
2017-06-16,13.600000381469727,14.125,13.595000267028809,13.670000076293945,13.670000076293945,2811000
2017-06-19,13.720000267028809,14.229999542236328,13.720000267028809,14.199999809265137,14.199999809265137,1564500
2017-06-20,14.149999618530273,14.369999885559082,13.930000305175781,13.979999542236328,13.979999542236328,1190900
2017-06-21,13.859999656677246,14.350000381469727,13.789999961853027,14.199999809265137,14.199999809265137,1434600
2017-06-22,14.420000076293945,15.020000457763672,14.319999694824219,14.680000305175781,14.680000305175781,3477800
2017-06-23,15.0,15.289999961853027,14.569999694824219,15.239999771118164,15.239999771118164,3422600
2017-06-26,15.329999923706055,15.460000038146973,14.970000267028809,15.270000457763672,15.270000457763672,1915300
2017-06-27,15.199999809265137,15.270000457763672,14.5600004196167,14.800000190734863,14.800000190734863,1815700
2017-06-28,15.020000457763672,15.199999809265137,14.680000305175781,15.1899995803833,15.1899995803833,1564900
2017-06-29,15.15999984741211,15.15999984741211,14.510000228881836,14.970000267028809,14.970000267028809,1370300
2017-06-30,14.979999542236328,15.140000343322754,14.899999618530273,15.0,15.0,856900
2017-07-03,15.0,15.0,14.489999771118164,14.720000267028809,14.720000267028809,582400
2017-07-05,14.770000457763672,15.069999694824219,14.680000305175781,14.890000343322754,14.890000343322754,1204400
2017-07-06,14.770000457763672,14.890000343322754,14.529999732971191,14.630000114440918,14.630000114440918,843900
2017-07-07,14.729999542236328,15.149999618530273,14.6899995803833,15.020000457763672,15.020000457763672,1243300
2017-07-10,15.010000228881836,15.140000343322754,14.835000038146973,15.010000228881836,15.010000228881836,841400
2017-07-11,14.899999618530273,15.039999961853027,14.619999885559082,14.819999694824219,14.819999694824219,1607900
2017-07-12,14.970000267028809,15.145000457763672,14.869999885559082,14.930000305175781,14.930000305175781,1088400
2017-07-13,14.930000305175781,15.199999809265137,14.829999923706055,15.180000305175781,15.180000305175781,960100
2017-07-14,15.229999542236328,15.289999961853027,15.050000190734863,15.0600004196167,15.0600004196167,546800
2017-07-17,15.069999694824219,15.210000038146973,14.720000267028809,14.770000457763672,14.770000457763672,799700
2017-07-18,14.760000228881836,14.970000267028809,14.539999961853027,14.90999984741211,14.90999984741211,991200
2017-07-19,15.020000457763672,15.020000457763672,14.520000457763672,14.600000381469727,14.600000381469727,963200
2017-07-20,14.710000038146973,14.75,14.484999656677246,14.5,14.5,805100
2017-07-21,14.619999885559082,14.630000114440918,14.300000190734863,14.619999885559082,14.619999885559082,1870900
2017-07-24,14.600000381469727,14.779000282287598,14.4399995803833,14.489999771118164,14.489999771118164,852100
2017-07-25,14.529999732971191,14.6850004196167,14.289999961853027,14.649999618530273,14.649999618530273,648200
2017-07-26,14.649999618530273,15.069999694824219,14.649999618530273,14.920000076293945,14.920000076293945,1121900
2017-07-27,14.989999771118164,15.050000190734863,14.38599967956543,14.84000015258789,14.84000015258789,999700
2017-07-28,14.720000267028809,15.010000228881836,14.609999656677246,14.640000343322754,14.640000343322754,867800
2017-07-31,14.649999618530273,14.760000228881836,14.270000457763672,14.369999885559082,14.369999885559082,957600
2017-08-01,14.390000343322754,14.470000267028809,14.149999618530273,14.3100004196167,14.3100004196167,1317900
2017-08-02,14.399999618530273,14.42199993133545,13.9399995803833,14.020000457763672,14.020000457763672,1202500
2017-08-03,14.050000190734863,14.289999961853027,13.579999923706055,13.59000015258789,13.59000015258789,2612900
2017-08-04,15.489999771118164,16.0,14.819999694824219,15.149999618530273,15.149999618530273,5164100
2017-08-07,15.210000038146973,15.6899995803833,15.199999809265137,15.460000038146973,15.460000038146973,2726300
2017-08-08,15.399999618530273,15.90999984741211,15.319999694824219,15.619999885559082,15.619999885559082,3269900
2017-08-09,15.359999656677246,15.9399995803833,15.130000114440918,15.850000381469727,15.850000381469727,2734000
2017-08-10,15.770000457763672,15.960000038146973,15.40999984741211,15.899999618530273,15.899999618530273,3343000
2017-08-11,16.0,16.690000534057617,15.901000022888184,16.219999313354492,16.219999313354492,3050100
2017-08-14,16.309999465942383,16.389999389648438,16.01300048828125,16.190000534057617,16.190000534057617,1676900
2017-08-15,16.18000030517578,16.2450008392334,15.529999732971191,15.640000343322754,15.640000343322754,3736300
2017-08-16,15.65999984741211,15.869999885559082,15.470000267028809,15.600000381469727,15.600000381469727,2019700
2017-08-17,15.529999732971191,15.680000305175781,15.3100004196167,15.579999923706055,15.579999923706055,2019400
2017-08-18,15.4399995803833,15.720000267028809,15.399999618530273,15.59000015258789,15.59000015258789,1513800
2017-08-21,15.529999732971191,15.630000114440918,15.390000343322754,15.430000305175781,15.430000305175781,1069900
2017-08-22,15.510000228881836,15.6899995803833,15.460000038146973,15.630000114440918,15.630000114440918,731500
2017-08-23,15.539999961853027,15.649999618530273,15.539999961853027,15.609999656677246,15.609999656677246,724200
2017-08-24,15.630000114440918,15.859999656677246,15.460000038146973,15.84000015258789,15.84000015258789,1413900
2017-08-25,16.0,16.030000686645508,15.4399995803833,15.640000343322754,15.640000343322754,990200
2017-08-28,15.75,15.899999618530273,15.640000343322754,15.829999923706055,15.829999923706055,2429400
2017-08-29,15.739999771118164,16.059999465942383,15.640000343322754,16.030000686645508,16.030000686645508,1474300
2017-08-30,16.0,16.389999389648438,15.920000076293945,16.170000076293945,16.170000076293945,980900
2017-08-31,16.260000228881836,16.600000381469727,16.260000228881836,16.3700008392334,16.3700008392334,1202100
2017-09-01,16.43000030517578,16.530000686645508,16.18000030517578,16.309999465942383,16.309999465942383,633100
2017-09-05,16.15999984741211,16.424999237060547,16.020999908447266,16.31999969482422,16.31999969482422,1364000
2017-09-06,16.270000457763672,16.6299991607666,16.079999923706055,16.6200008392334,16.6200008392334,2308600
2017-09-07,16.959999084472656,17.489999771118164,16.905000686645508,17.0,17.0,3339300
2017-09-08,16.940000534057617,17.149999618530273,16.780000686645508,16.8799991607666,16.8799991607666,1282300
2017-09-11,17.0,17.354999542236328,16.889999389648438,17.34000015258789,17.34000015258789,1379000
2017-09-12,17.290000915527344,17.81999969482422,17.270000457763672,17.6200008392334,17.6200008392334,1538800
2017-09-13,17.639999389648438,17.808000564575195,17.530000686645508,17.790000915527344,17.790000915527344,1270000
2017-09-14,17.790000915527344,17.899999618530273,17.559999465942383,17.760000228881836,17.760000228881836,965300
2017-09-15,17.799999237060547,17.81999969482422,17.040000915527344,17.170000076293945,17.170000076293945,4674100
2017-09-18,17.270000457763672,17.32900047302246,17.010000228881836,17.1299991607666,17.1299991607666,1758800
2017-09-19,17.209999084472656,17.308000564575195,17.030000686645508,17.170000076293945,17.170000076293945,2182000
2017-09-20,17.190000534057617,17.290000915527344,16.850000381469727,17.18000030517578,17.18000030517578,1981400
2017-09-21,17.170000076293945,17.190000534057617,17.010000228881836,17.110000610351562,17.110000610351562,837900
2017-09-22,16.989999771118164,17.209999084472656,16.989999771118164,17.110000610351562,17.110000610351562,777800
2017-09-25,16.950000762939453,17.139999389648438,16.809999465942383,16.899999618530273,16.899999618530273,1405600
2017-09-26,16.899999618530273,17.110000610351562,16.899999618530273,17.040000915527344,17.040000915527344,770800
2017-09-27,17.170000076293945,17.190000534057617,16.645000457763672,16.959999084472656,16.959999084472656,1752700
2017-09-28,16.889999389648438,17.06999969482422,16.780000686645508,16.81999969482422,16.81999969482422,1145400
2017-09-29,16.790000915527344,16.975000381469727,16.764999389648438,16.8799991607666,16.8799991607666,1432000
2017-10-02,16.959999084472656,17.31999969482422,16.899999618530273,17.200000762939453,17.200000762939453,1349100
2017-10-03,17.260000228881836,17.360000610351562,16.84000015258789,17.030000686645508,17.030000686645508,1401700
2017-10-04,16.8700008392334,16.989999771118164,16.40999984741211,16.549999237060547,16.549999237060547,1329000
2017-10-05,16.559999465942383,16.56999969482422,16.219999313354492,16.5,16.5,1944800
2017-10-06,16.520000457763672,16.899999618530273,16.479999542236328,16.719999313354492,16.719999313354492,1817200
2017-10-09,16.700000762939453,16.760000228881836,16.375,16.469999313354492,16.469999313354492,954500
2017-10-10,16.520000457763672,16.6200008392334,16.325000762939453,16.399999618530273,16.399999618530273,952600
2017-10-11,16.450000762939453,16.520000457763672,16.239999771118164,16.34000015258789,16.34000015258789,768900
2017-10-12,16.299999237060547,16.395000457763672,16.190000534057617,16.200000762939453,16.200000762939453,952200
2017-10-13,16.200000762939453,16.6299991607666,16.190000534057617,16.510000228881836,16.510000228881836,749900
2017-10-16,16.559999465942383,16.600000381469727,16.329999923706055,16.360000610351562,16.360000610351562,623900
2017-10-17,16.329999923706055,16.389999389648438,16.1200008392334,16.200000762939453,16.200000762939453,745900
2017-10-18,16.209999084472656,16.40999984741211,16.209999084472656,16.360000610351562,16.360000610351562,505100
2017-10-19,16.350000381469727,16.389999389648438,15.930000305175781,16.190000534057617,16.190000534057617,1066400
2017-10-20,16.299999237060547,16.549999237060547,16.149999618530273,16.3799991607666,16.3799991607666,722400
2017-10-23,15.649999618530273,16.30500030517578,15.270000457763672,15.760000228881836,15.760000228881836,2963700
2017-10-24,15.75,15.859999656677246,15.489999771118164,15.739999771118164,15.739999771118164,1373800
2017-10-25,15.779999732971191,16.139999389648438,15.734999656677246,15.8100004196167,15.8100004196167,1256600
2017-10-26,15.850000381469727,16.469999313354492,15.850000381469727,16.270000457763672,16.270000457763672,1736600
2017-10-27,16.350000381469727,16.860000610351562,16.329999923706055,16.75,16.75,1443600
2017-10-30,16.790000915527344,16.790000915527344,16.5,16.709999084472656,16.709999084472656,828500
2017-10-31,16.719999313354492,16.889999389648438,16.549999237060547,16.700000762939453,16.700000762939453,1177300
2017-11-01,16.75,16.829999923706055,16.479999542236328,16.729999542236328,16.729999542236328,1209800
2017-11-02,16.670000076293945,16.700000762939453,16.219999313354492,16.5,16.5,1113600
2017-11-03,16.469999313354492,16.90999984741211,16.43000030517578,16.59000015258789,16.59000015258789,2458000
2017-11-06,16.6299991607666,17.299999237060547,16.389999389648438,17.149999618530273,17.149999618530273,3439100
2017-11-07,17.59000015258789,17.600000381469727,16.549999237060547,16.860000610351562,16.860000610351562,3839600
2017-11-08,16.709999084472656,16.920000076293945,16.290000915527344,16.510000228881836,16.510000228881836,2043000
2017-11-09,16.239999771118164,16.610000610351562,16.079999923706055,16.510000228881836,16.510000228881836,1947300
2017-11-10,16.450000762939453,16.75,16.350000381469727,16.719999313354492,16.719999313354492,1043000
2017-11-13,16.690000534057617,16.84000015258789,16.579999923706055,16.649999618530273,16.649999618530273,994700
2017-11-14,16.709999084472656,17.110000610351562,16.530000686645508,16.59000015258789,16.59000015258789,1785100
2017-11-15,16.510000228881836,16.860000610351562,16.301000595092773,16.469999313354492,16.469999313354492,2063000
2017-11-16,16.579999923706055,16.8799991607666,16.395000457763672,16.420000076293945,16.420000076293945,6425300
2017-11-17,16.420000076293945,16.75,16.40999984741211,16.469999313354492,16.469999313354492,2198900
2017-11-20,16.93000030517578,16.93000030517578,16.46500015258789,16.649999618530273,16.649999618530273,2807000
2017-11-21,16.709999084472656,17.059999465942383,16.56999969482422,16.93000030517578,16.93000030517578,1621700
2017-11-22,16.700000762939453,17.079999923706055,16.700000762939453,16.8700008392334,16.8700008392334,1530600
2017-11-24,16.8799991607666,17.43000030517578,16.84000015258789,17.1200008392334,17.1200008392334,1085500
2017-11-27,17.1299991607666,17.360000610351562,16.969999313354492,16.979999542236328,16.979999542236328,2234100
2017-11-28,16.809999465942383,17.1299991607666,16.704999923706055,16.979999542236328,16.979999542236328,2369100
2017-11-29,17.040000915527344,17.3700008392334,16.170000076293945,16.31999969482422,16.31999969482422,1991400
2017-11-30,16.360000610351562,16.600000381469727,16.1299991607666,16.459999084472656,16.459999084472656,2145500
2017-12-01,16.450000762939453,17.1299991607666,16.350000381469727,16.829999923706055,16.829999923706055,2922700
2017-12-04,17.09000015258789,18.135000228881836,17.040000915527344,17.90999984741211,17.90999984741211,5026900
2017-12-05,17.799999237060547,18.5,17.655000686645508,18.190000534057617,18.190000534057617,4200300
2017-12-06,18.219999313354492,18.760000228881836,18.114999771118164,18.739999771118164,18.739999771118164,2709600
2017-12-07,18.829999923706055,19.09000015258789,18.670000076293945,18.959999084472656,18.959999084472656,2499200
2017-12-08,19.09000015258789,19.520000457763672,18.920000076293945,19.31999969482422,19.31999969482422,3252300
2017-12-11,19.40999984741211,19.959999084472656,19.200000762939453,19.93000030517578,19.93000030517578,3619700
2017-12-12,20.0,20.25,19.81999969482422,20.209999084472656,20.209999084472656,2437100
2017-12-13,20.209999084472656,20.450000762939453,19.920000076293945,20.15999984741211,20.15999984741211,2353500
2017-12-14,20.149999618530273,20.329999923706055,19.979999542236328,20.139999389648438,20.139999389648438,2457300
2017-12-15,20.139999389648438,20.540000915527344,20.06999969482422,20.5,20.5,3104700
2017-12-18,20.600000381469727,20.920000076293945,20.600000381469727,20.770000457763672,20.770000457763672,1617300
2017-12-19,20.809999465942383,20.860000610351562,20.260000228881836,20.309999465942383,20.309999465942383,1870500
2017-12-20,20.360000610351562,20.84000015258789,20.34000015258789,20.719999313354492,20.719999313354492,1291100
2017-12-21,21.0,21.860000610351562,21.0,21.760000228881836,21.760000228881836,2974800
2017-12-22,21.75,21.809999465942383,21.459999084472656,21.690000534057617,21.690000534057617,2043900
2017-12-26,21.649999618530273,21.829999923706055,21.54599952697754,21.75,21.75,2648900
2017-12-27,21.690000534057617,21.739999771118164,20.799999237060547,20.81999969482422,20.81999969482422,1766900
2017-12-28,20.889999389648438,20.959999084472656,20.56999969482422,20.649999618530273,20.649999618530273,1514000
2017-12-29,20.670000076293945,20.68000030517578,20.34000015258789,20.450000762939453,20.450000762939453,1285900
2018-01-02,20.5,21.030000686645508,20.5,20.829999923706055,20.829999923706055,1899000
2018-01-03,20.84000015258789,20.889999389648438,20.170000076293945,20.40999984741211,20.40999984741211,2231400
2018-01-04,20.459999084472656,20.559999465942383,20.09000015258789,20.229999542236328,20.229999542236328,2004000
2018-01-05,20.329999923706055,20.329999923706055,19.309999465942383,20.25,20.25,2380200
2018-01-08,20.239999771118164,20.3799991607666,19.90999984741211,20.31999969482422,20.31999969482422,1918800
2018-01-09,20.350000381469727,21.1200008392334,20.1200008392334,20.899999618530273,20.899999618530273,2517500
2018-01-10,20.65999984741211,20.959999084472656,19.670000076293945,20.260000228881836,20.260000228881836,2651200
2018-01-11,20.31999969482422,20.600000381469727,20.270000457763672,20.559999465942383,20.559999465942383,782100
2018-01-12,19.65999984741211,19.700000762939453,18.899999618530273,19.540000915527344,19.540000915527344,3056000
2018-01-16,19.729999542236328,20.100000381469727,19.329999923706055,19.350000381469727,19.350000381469727,1444700
2018-01-17,19.440000534057617,19.829999923706055,19.440000534057617,19.739999771118164,19.739999771118164,788300
2018-01-18,19.780000686645508,19.920000076293945,19.530000686645508,19.600000381469727,19.600000381469727,1048300
2018-01-19,19.579999923706055,19.75,19.479999542236328,19.700000762939453,19.700000762939453,1541500
2018-01-22,19.700000762939453,20.170000076293945,19.690000534057617,20.030000686645508,20.030000686645508,1028000
2018-01-23,20.020000457763672,20.25,19.90999984741211,19.940000534057617,19.940000534057617,774000
2018-01-24,20.0,20.049999237060547,18.809999465942383,19.049999237060547,19.049999237060547,2686700
2018-01-25,19.09000015258789,19.309999465942383,19.059999465942383,19.139999389648438,19.139999389648438,1262600
2018-01-26,19.309999465942383,19.559999465942383,18.920000076293945,19.200000762939453,19.200000762939453,1680600
2018-01-29,19.1200008392334,19.260000228881836,18.809999465942383,18.959999084472656,18.959999084472656,1345900
2018-01-30,18.709999084472656,19.1200008392334,18.6200008392334,18.889999389648438,18.889999389648438,1432900
2018-01-31,18.979999542236328,19.049999237060547,18.6200008392334,18.760000228881836,18.760000228881836,1291000
2018-02-01,18.709999084472656,19.530000686645508,18.709999084472656,19.15999984741211,19.15999984741211,1731000
2018-02-02,19.09000015258789,19.299999237060547,18.729999542236328,18.790000915527344,18.790000915527344,1295300
2018-02-05,18.6200008392334,19.030000686645508,18.440000534057617,18.440000534057617,18.440000534057617,1555300
2018-02-06,18.0,18.770000457763672,16.719999313354492,18.709999084472656,18.709999084472656,2195300
2018-02-07,18.700000762939453,18.906999588012695,18.010000228881836,18.610000610351562,18.610000610351562,913000
2018-02-08,18.700000762939453,18.770000457763672,17.719999313354492,17.729999542236328,17.729999542236328,1673100
2018-02-09,18.239999771118164,18.700000762939453,17.489999771118164,18.6299991607666,18.6299991607666,2896300
2018-02-12,18.799999237060547,18.989999771118164,18.389999389648438,18.6200008392334,18.6200008392334,2185700
2018-02-13,18.59000015258789,19.510000228881836,18.5,19.420000076293945,19.420000076293945,5732400
2018-02-14,19.229999542236328,20.34000015258789,19.229999542236328,19.950000762939453,19.950000762939453,2602200
2018-02-15,20.0,20.200000762939453,19.68000030517578,19.809999465942383,19.809999465942383,1822100
2018-02-16,19.8700008392334,21.200000762939453,19.799999237060547,20.959999084472656,20.959999084472656,3672000
2018-02-20,21.030000686645508,21.663000106811523,20.690000534057617,21.309999465942383,21.309999465942383,2922600
2018-02-21,21.520000457763672,22.34000015258789,21.420000076293945,21.43000030517578,21.43000030517578,2940000
2018-02-22,21.549999237060547,21.69499969482422,20.850000381469727,21.030000686645508,21.030000686645508,1391800
2018-02-23,21.059999465942383,21.420000076293945,20.72100067138672,21.06999969482422,21.06999969482422,1603600
2018-02-26,21.299999237060547,21.719999313354492,20.940000534057617,21.1200008392334,21.1200008392334,2315200
2018-02-27,21.350000381469727,21.56999969482422,20.6299991607666,21.030000686645508,21.030000686645508,3139800
2018-02-28,24.020000457763672,26.229999542236328,24.020000457763672,25.309999465942383,25.309999465942383,15452900
2018-03-01,25.56999969482422,26.0,24.940000534057617,25.31999969482422,25.31999969482422,4792500
2018-03-02,24.950000762939453,25.760000228881836,24.410999298095703,25.709999084472656,25.709999084472656,3698300
2018-03-05,25.709999084472656,26.299999237060547,25.260000228881836,25.399999618530273,25.399999618530273,2702600
2018-03-06,25.309999465942383,26.280000686645508,25.309999465942383,25.670000076293945,25.670000076293945,3889900
2018-03-07,25.5,26.100000381469727,25.110000610351562,26.09000015258789,26.09000015258789,3083100
2018-03-08,26.290000915527344,27.399999618530273,26.170000076293945,26.3799991607666,26.3799991607666,3457100
2018-03-09,27.010000228881836,28.010000228881836,26.64299964904785,27.93000030517578,27.93000030517578,9309400
2018-03-12,27.899999618530273,28.190000534057617,27.170000076293945,27.93000030517578,27.93000030517578,3475100
2018-03-13,27.8700008392334,28.170000076293945,27.709999084472656,27.920000076293945,27.920000076293945,2450100
2018-03-14,28.1200008392334,28.540000915527344,27.850000381469727,28.3700008392334,28.3700008392334,2744100
2018-03-15,28.5,28.5,27.8799991607666,28.3799991607666,28.3799991607666,1814600
2018-03-16,28.450000762939453,28.489999771118164,27.649999618530273,28.299999237060547,28.299999237060547,3345500
2018-03-19,27.850000381469727,28.219999313354492,27.239999771118164,27.829999923706055,27.829999923706055,1837900
2018-03-20,28.100000381469727,28.739999771118164,27.8700008392334,28.309999465942383,28.309999465942383,2370000
2018-03-21,28.3700008392334,29.14900016784668,28.229999542236328,28.950000762939453,28.950000762939453,2072500
2018-03-22,28.719999313354492,29.040000915527344,27.920000076293945,27.940000534057617,27.940000534057617,2487200
2018-03-23,27.799999237060547,28.260000228881836,26.6299991607666,26.639999389648438,26.639999389648438,3584200
2018-03-26,27.5,27.59000015258789,26.540000915527344,27.360000610351562,27.360000610351562,2796800
2018-03-27,27.639999389648438,28.579999923706055,27.420000076293945,27.65999984741211,27.65999984741211,2738300
2018-03-28,27.889999389648438,28.31999969482422,27.15999984741211,27.90999984741211,27.90999984741211,3053900
2018-03-29,28.200000762939453,28.520000457763672,27.450000762939453,28.059999465942383,28.059999465942383,3556000
2018-04-02,28.06999969482422,28.84000015258789,27.729999542236328,27.969999313354492,27.969999313354492,2475000
2018-04-03,28.049999237060547,28.25,27.604999542236328,27.829999923706055,27.829999923706055,2005200
2018-04-04,27.190000534057617,27.920000076293945,26.80900001525879,27.84000015258789,27.84000015258789,1949300
2018-04-05,28.389999389648438,28.6299991607666,27.739999771118164,28.540000915527344,28.540000915527344,2094500
2018-04-06,28.239999771118164,28.479999542236328,27.399999618530273,27.6299991607666,27.6299991607666,2878300
2018-04-09,27.6299991607666,28.200000762939453,27.579999923706055,27.600000381469727,27.600000381469727,1204000
2018-04-10,28.1200008392334,30.239999771118164,28.049999237060547,29.899999618530273,29.899999618530273,5599100
2018-04-11,29.8799991607666,30.59000015258789,29.56999969482422,30.200000762939453,30.200000762939453,3386000
2018-04-12,30.43000030517578,30.780000686645508,30.040000915527344,30.579999923706055,30.579999923706055,3302600
2018-04-13,30.93000030517578,30.950000762939453,28.510000228881836,28.969999313354492,28.969999313354492,4938300
2018-04-16,29.1200008392334,29.899999618530273,29.049999237060547,29.389999389648438,29.389999389648438,3051900
2018-04-17,29.56999969482422,30.479999542236328,29.219999313354492,30.280000686645508,30.280000686645508,2534900
2018-04-18,30.5,30.709999084472656,29.90999984741211,30.399999618530273,30.399999618530273,2148800
2018-04-19,30.09000015258789,30.389999389648438,29.6200008392334,30.229999542236328,30.229999542236328,1815100
2018-04-20,30.0,30.65999984741211,29.770000457763672,30.010000228881836,30.010000228881836,1564200
2018-04-23,30.219999313354492,30.86400032043457,29.520000457763672,29.729999542236328,29.729999542236328,2013800
2018-04-24,29.790000915527344,30.09000015258789,28.420000076293945,28.969999313354492,28.969999313354492,2257700
2018-04-25,29.09000015258789,29.19499969482422,28.239999771118164,28.729999542236328,28.729999542236328,1256700
2018-04-26,28.75,29.610000610351562,28.75,29.530000686645508,29.530000686645508,1303100
2018-04-27,29.649999618530273,29.799999237060547,29.020000457763672,29.5,29.5,902000
2018-04-30,29.65999984741211,30.059999465942383,29.399999618530273,29.940000534057617,29.940000534057617,1518600
2018-05-01,30.079999923706055,30.43000030517578,29.8700008392334,30.31999969482422,30.31999969482422,1347900
2018-05-02,30.25,31.270000457763672,29.829999923706055,30.770000457763672,30.770000457763672,1952200
2018-05-03,30.829999923706055,31.1200008392334,30.25,30.850000381469727,30.850000381469727,1413100
2018-05-04,30.649999618530273,31.0,29.790000915527344,30.59000015258789,30.59000015258789,2023600
2018-05-07,30.670000076293945,31.829999923706055,30.600000381469727,31.420000076293945,31.420000076293945,2662600
2018-05-08,31.399999618530273,31.829999923706055,30.790000915527344,31.420000076293945,31.420000076293945,3731500
2018-05-09,30.690000534057617,30.700000762939453,28.079999923706055,29.989999771118164,29.989999771118164,5494000
2018-05-10,30.350000381469727,30.5,29.270000457763672,29.280000686645508,29.280000686645508,2654500
2018-05-11,29.34000015258789,30.200000762939453,29.31999969482422,30.010000228881836,30.010000228881836,2322400
2018-05-14,30.020000457763672,30.450000762939453,29.3700008392334,29.420000076293945,29.420000076293945,1439100
2018-05-15,29.149999618530273,29.299999237060547,28.8700008392334,29.09000015258789,29.09000015258789,2357200
2018-05-16,29.010000228881836,29.75,29.0,29.399999618530273,29.399999618530273,1165600
2018-05-17,29.459999084472656,29.719999313354492,29.25,29.469999313354492,29.469999313354492,1436300
2018-05-18,29.440000534057617,29.979999542236328,29.309999465942383,29.639999389648438,29.639999389648438,1703300
2018-05-21,29.700000762939453,29.829999923706055,29.18000030517578,29.399999618530273,29.399999618530273,1372500
2018-05-22,29.479999542236328,29.614999771118164,28.969999313354492,28.989999771118164,28.989999771118164,928400
2018-05-23,28.84000015258789,29.514999389648438,28.600000381469727,29.3799991607666,29.3799991607666,1854600
2018-05-24,29.469999313354492,29.530000686645508,28.989999771118164,29.5,29.5,1312700
2018-05-25,29.530000686645508,30.579999923706055,29.530000686645508,30.440000534057617,30.440000534057617,2482600
2018-05-29,30.290000915527344,30.900999069213867,29.92099952697754,30.40999984741211,30.40999984741211,1634900
2018-05-30,30.5,31.790000915527344,30.489999771118164,31.709999084472656,31.709999084472656,2219500
2018-05-31,31.790000915527344,32.630001068115234,31.548999786376953,32.34000015258789,32.34000015258789,3489100
2018-06-01,32.5,32.71500015258789,31.510000228881836,31.6200008392334,31.6200008392334,2460800
2018-06-04,31.8700008392334,31.979000091552734,31.040000915527344,31.670000076293945,31.670000076293945,1746300
2018-06-05,31.889999389648438,33.0,31.600000381469727,32.91999816894531,32.91999816894531,2483600
2018-06-06,32.86000061035156,33.52000045776367,32.56999969482422,33.47999954223633,33.47999954223633,2330100
2018-06-07,33.84000015258789,34.220001220703125,33.11000061035156,33.43000030517578,33.43000030517578,2469400
2018-06-08,33.15999984741211,33.349998474121094,31.799999237060547,33.25,33.25,2529600
2018-06-11,33.310001373291016,33.380001068115234,32.029998779296875,32.04999923706055,32.04999923706055,1658900
2018-06-12,32.31999969482422,33.25,32.31999969482422,33.220001220703125,33.220001220703125,1269100
2018-06-13,33.29999923706055,33.4900016784668,32.81999969482422,32.9900016784668,32.9900016784668,1243500
2018-06-14,40.86000061035156,44.779998779296875,39.84000015258789,41.650001525878906,41.650001525878906,26706500
2018-06-15,41.689998626708984,43.46500015258789,41.65999984741211,42.540000915527344,42.540000915527344,7830800
2018-06-18,42.75,44.689998626708984,42.099998474121094,43.81999969482422,43.81999969482422,6733900
2018-06-19,43.130001068115234,44.11000061035156,42.439998626708984,43.33000183105469,43.33000183105469,3125100
2018-06-20,43.70000076293945,44.540000915527344,43.220001220703125,44.209999084472656,44.209999084472656,2483600
2018-06-21,44.459999084472656,45.880001068115234,41.70000076293945,43.599998474121094,43.599998474121094,6904000
2018-06-22,43.349998474121094,43.900001525878906,42.59000015258789,43.18000030517578,43.18000030517578,2623800
2018-06-25,42.630001068115234,42.630001068115234,41.060001373291016,41.75,41.75,2501300
2018-06-26,41.560001373291016,42.709999084472656,41.11000061035156,41.97999954223633,41.97999954223633,1687900
2018-06-27,42.150001525878906,42.59000015258789,40.17499923706055,40.41999816894531,40.41999816894531,2220700
2018-06-28,41.02000045776367,42.33700180053711,39.560001373291016,42.2400016784668,42.2400016784668,2777400
2018-06-29,42.470001220703125,43.13999938964844,41.59000015258789,42.189998626708984,42.189998626708984,2440100
2018-07-02,41.7400016784668,42.939998626708984,41.619998931884766,42.779998779296875,42.779998779296875,1394700
2018-07-03,43.09000015258789,43.459999084472656,42.310001373291016,42.58000183105469,42.58000183105469,814700
2018-07-05,42.689998626708984,43.97999954223633,42.689998626708984,43.86000061035156,43.86000061035156,1470700
2018-07-06,43.790000915527344,44.84000015258789,43.54999923706055,44.709999084472656,44.709999084472656,1611000
2018-07-09,45.0099983215332,45.59400177001953,43.599998474121094,44.5099983215332,44.5099983215332,1621100
2018-07-10,44.72999954223633,45.33000183105469,43.58000183105469,43.790000915527344,43.790000915527344,1272600
2018-07-11,43.380001068115234,44.290000915527344,42.65999984741211,43.38999938964844,43.38999938964844,1315700
2018-07-12,43.36000061035156,43.48899841308594,42.7400016784668,43.2400016784668,43.2400016784668,1767000
2018-07-13,43.439998626708984,43.84000015258789,42.560001373291016,43.0,43.0,1167200
2018-07-16,42.900001525878906,43.130001068115234,42.150001525878906,42.90999984741211,42.90999984741211,1355700
2018-07-17,42.65999984741211,44.39500045776367,42.34000015258789,44.25,44.25,1215900
2018-07-18,44.2599983215332,44.61000061035156,43.439998626708984,44.439998626708984,44.439998626708984,2934200
2018-07-19,44.36000061035156,45.249000549316406,43.189998626708984,43.22999954223633,43.22999954223633,1639600
2018-07-20,43.2400016784668,44.040000915527344,43.20800018310547,43.79999923706055,43.79999923706055,976100
2018-07-23,43.83000183105469,43.849998474121094,42.36000061035156,43.22999954223633,43.22999954223633,2388700
2018-07-24,43.540000915527344,43.77000045776367,41.02000045776367,41.77000045776367,41.77000045776367,1995400
2018-07-25,42.0,43.279998779296875,42.0,42.97999954223633,42.97999954223633,1498000
2018-07-26,42.459999084472656,43.11000061035156,41.91999816894531,42.61000061035156,42.61000061035156,2061900
2018-07-27,42.709999084472656,42.75,41.34000015258789,41.970001220703125,41.970001220703125,2698100
2018-07-30,42.13999938964844,42.25199890136719,39.1510009765625,40.22999954223633,40.22999954223633,2678400
2018-07-31,40.130001068115234,41.540000915527344,39.64099884033203,40.86000061035156,40.86000061035156,1640800
2018-08-01,41.060001373291016,42.0,40.810001373291016,41.20000076293945,41.20000076293945,2098700
2018-08-02,40.779998779296875,42.47999954223633,40.16999816894531,42.400001525878906,42.400001525878906,1414000
2018-08-03,42.38999938964844,42.81999969482422,40.900001525878906,41.540000915527344,41.540000915527344,1367700
2018-08-06,41.7400016784668,42.97999954223633,41.04999923706055,42.43000030517578,42.43000030517578,4263500
2018-08-07,49.779998779296875,50.599998474121094,43.529998779296875,43.84000015258789,43.84000015258789,16691600
2018-08-08,43.529998779296875,44.0,42.04999923706055,43.119998931884766,43.119998931884766,5149600
2018-08-09,42.9900016784668,44.0,41.84000015258789,43.72999954223633,43.72999954223633,2179000
2018-08-10,43.349998474121094,46.61000061035156,43.06999969482422,46.060001373291016,46.060001373291016,4015000
2018-08-13,46.310001373291016,47.38999938964844,45.090999603271484,45.189998626708984,45.189998626708984,3112500
2018-08-14,45.54999923706055,46.35900115966797,44.70000076293945,46.13999938964844,46.13999938964844,2566500
2018-08-15,45.77000045776367,46.0,43.95000076293945,44.86000061035156,44.86000061035156,3175300
2018-08-16,45.41999816894531,46.0,45.02000045776367,45.630001068115234,45.630001068115234,2399900
2018-08-17,45.630001068115234,46.779998779296875,45.060001373291016,46.529998779296875,46.529998779296875,3028100
2018-08-20,47.02000045776367,47.63999938964844,45.900001525878906,46.900001525878906,46.900001525878906,2381500
2018-08-21,47.2400016784668,48.029998779296875,46.430999755859375,47.56999969482422,47.56999969482422,2236300
2018-08-22,47.279998779296875,47.90999984741211,47.18000030517578,47.84000015258789,47.84000015258789,1581800
2018-08-23,48.15999984741211,49.244998931884766,47.93000030517578,48.810001373291016,48.810001373291016,2495100
2018-08-24,48.93000030517578,49.619998931884766,48.310001373291016,49.040000915527344,49.040000915527344,1920500
2018-08-27,49.34000015258789,49.650001525878906,47.72999954223633,48.13999938964844,48.13999938964844,2465600
2018-08-28,48.630001068115234,48.720001220703125,46.7599983215332,47.880001068115234,47.880001068115234,2041800
2018-08-29,48.2400016784668,48.2400016784668,47.36000061035156,47.7599983215332,47.7599983215332,1787700
2018-08-30,47.61000061035156,49.0,47.040000915527344,48.310001373291016,48.310001373291016,1466600
2018-08-31,48.119998931884766,49.0,48.08399963378906,48.689998626708984,48.689998626708984,1027200
2018-09-04,48.65999984741211,50.84000015258789,48.65999984741211,50.65999984741211,50.65999984741211,2686800
2018-09-05,50.439998626708984,50.45000076293945,46.43000030517578,47.38999938964844,47.38999938964844,3427700
2018-09-06,47.33000183105469,47.38999938964844,45.5,46.119998931884766,46.119998931884766,2708400
2018-09-07,45.619998931884766,48.22999954223633,45.17900085449219,47.13999938964844,47.13999938964844,1953900
2018-09-10,47.400001525878906,47.599998474121094,46.41999816894531,47.189998626708984,47.189998626708984,2203200
2018-09-11,46.619998931884766,49.59000015258789,46.58000183105469,49.400001525878906,49.400001525878906,2390300
2018-09-12,49.439998626708984,49.88999938964844,48.060001373291016,49.16999816894531,49.16999816894531,2202700
2018-09-13,49.08000183105469,50.90999984741211,49.08000183105469,50.54999923706055,50.54999923706055,3031000
2018-09-14,51.08000183105469,53.25,50.59000015258789,52.849998474121094,52.849998474121094,4280800
2018-09-17,52.400001525878906,53.189998626708984,48.5099983215332,50.099998474121094,50.099998474121094,6666100
2018-09-18,50.52000045776367,52.099998474121094,50.06999969482422,51.630001068115234,51.630001068115234,3416400
2018-09-19,51.66999816894531,52.189998626708984,49.029998779296875,50.15999984741211,50.15999984741211,2531000
2018-09-20,50.290000915527344,50.7599983215332,48.290000915527344,48.75,48.75,2895500
2018-09-21,48.84000015258789,49.10499954223633,47.380001068115234,47.540000915527344,47.540000915527344,3236000
2018-09-24,47.11000061035156,49.29999923706055,46.36000061035156,49.20000076293945,49.20000076293945,1765200
2018-09-25,49.5,50.540000915527344,49.0099983215332,50.439998626708984,50.439998626708984,2112000
2018-09-26,50.66999816894531,51.38999938964844,49.680999755859375,50.900001525878906,50.900001525878906,2110100
2018-09-27,51.18000030517578,52.11000061035156,50.93000030517578,52.0099983215332,52.0099983215332,1347200
2018-09-28,51.650001525878906,52.56999969482422,51.15999984741211,51.380001068115234,51.380001068115234,1523100
2018-10-01,51.810001373291016,52.2599983215332,49.689998626708984,49.959999084472656,49.959999084472656,1938800
2018-10-02,50.040000915527344,50.48699951171875,47.380001068115234,47.52000045776367,47.52000045776367,2192100
2018-10-03,47.689998626708984,48.439998626708984,47.43000030517578,48.13999938964844,48.13999938964844,1972700
2018-10-04,47.9900016784668,48.45000076293945,45.40999984741211,46.02000045776367,46.02000045776367,2500700
2018-10-05,46.0,47.05500030517578,43.40999984741211,44.400001525878906,44.400001525878906,3494700
2018-10-08,43.7400016784668,44.2400016784668,42.189998626708984,42.9900016784668,42.9900016784668,2446400
2018-10-09,42.27000045776367,43.58000183105469,41.58000183105469,42.25,42.25,2595000
2018-10-10,41.88999938964844,42.06999969482422,39.84000015258789,39.97999954223633,39.97999954223633,3787800
2018-10-11,39.47999954223633,40.209999084472656,38.6349983215332,38.9900016784668,38.9900016784668,3622800
2018-10-12,40.40999984741211,41.83000183105469,40.27000045776367,41.54999923706055,41.54999923706055,4381800
2018-10-15,41.38999938964844,42.20000076293945,40.369998931884766,41.150001525878906,41.150001525878906,1914800
2018-10-16,41.9900016784668,43.529998779296875,41.88999938964844,43.40999984741211,43.40999984741211,2193600
2018-10-17,43.58000183105469,43.97999954223633,42.36000061035156,43.16999816894531,43.16999816894531,1344800
2018-10-18,43.040000915527344,43.810001373291016,42.29999923706055,43.25,43.25,1687800
2018-10-19,43.31999969482422,44.099998474121094,41.040000915527344,41.4900016784668,41.4900016784668,2118700
2018-10-22,41.869998931884766,43.84000015258789,41.486000061035156,43.689998626708984,43.689998626708984,2248600
2018-10-23,42.34000015258789,42.97999954223633,41.33000183105469,42.66999816894531,42.66999816894531,1837300
2018-10-24,44.5,44.599998474121094,41.77000045776367,41.810001373291016,41.810001373291016,2993800
2018-10-25,42.22999954223633,44.314998626708984,40.97999954223633,43.5,43.5,1953900
2018-10-26,42.029998779296875,42.53300094604492,40.165000915527344,40.869998931884766,40.869998931884766,2166000
2018-10-29,41.540000915527344,41.810001373291016,38.02000045776367,38.970001220703125,38.970001220703125,2122500
2018-10-30,38.790000915527344,41.45000076293945,38.08000183105469,41.38999938964844,41.38999938964844,2122000
2018-10-31,42.22999954223633,43.900001525878906,42.040000915527344,42.52000045776367,42.52000045776367,2053000
2018-11-01,42.45000076293945,43.54999923706055,40.93000030517578,43.459999084472656,43.459999084472656,1960900
2018-11-02,43.70000076293945,44.09600067138672,42.380001068115234,42.84000015258789,42.84000015258789,1647300
2018-11-05,42.88999938964844,43.459999084472656,40.81999969482422,42.130001068115234,42.130001068115234,1849300
2018-11-06,42.40999984741211,42.47999954223633,39.880001068115234,40.43000030517578,40.43000030517578,4239100
2018-11-07,46.2400016784668,51.5,45.58000183105469,50.0099983215332,50.0099983215332,14078900
2018-11-08,50.619998931884766,54.59000015258789,48.79999923706055,54.099998474121094,54.099998474121094,9780800
2018-11-09,53.5,55.70899963378906,51.70000076293945,52.0099983215332,52.0099983215332,5687700
2018-11-12,51.40999984741211,52.56999969482422,50.27000045776367,50.709999084472656,50.709999084472656,2476500
2018-11-13,51.0,51.41999816894531,46.900001525878906,47.349998474121094,47.349998474121094,4722900
2018-11-14,48.150001525878906,49.150001525878906,47.04999923706055,47.709999084472656,47.709999084472656,2638500
2018-11-15,47.38999938964844,48.959999084472656,46.689998626708984,48.720001220703125,48.720001220703125,2100600
2018-11-16,47.689998626708984,48.04999923706055,45.310001373291016,47.2599983215332,47.2599983215332,2715600
2018-11-19,47.040000915527344,47.400001525878906,45.099998474121094,45.45000076293945,45.45000076293945,2019300
2018-11-20,43.22999954223633,44.43000030517578,42.060001373291016,43.209999084472656,43.209999084472656,4715100
2018-11-21,44.290000915527344,44.79999923706055,43.29999923706055,44.02000045776367,44.02000045776367,1984200
2018-11-23,43.79999923706055,45.7599983215332,43.779998779296875,45.27000045776367,45.27000045776367,929400
2018-11-26,46.029998779296875,48.36000061035156,45.2400016784668,48.22999954223633,48.22999954223633,2264200
2018-11-27,47.869998931884766,49.52000045776367,47.619998931884766,48.58000183105469,48.58000183105469,1955600
2018-11-28,49.2400016784668,51.66999816894531,48.82099914550781,51.380001068115234,51.380001068115234,2273500
2018-11-29,50.9900016784668,53.470001220703125,50.61899948120117,52.79999923706055,52.79999923706055,2333000
2018-11-30,52.79999923706055,55.13999938964844,52.79999923706055,54.040000915527344,54.040000915527344,2818900
2018-12-03,56.34000015258789,56.96500015258789,53.38999938964844,56.61000061035156,56.61000061035156,3112500
2018-12-04,56.27000045776367,58.29999923706055,54.619998931884766,54.869998931884766,54.869998931884766,3177600
2018-12-06,54.38999938964844,55.68000030517578,52.08000183105469,55.5,55.5,2927400
2018-12-07,56.20000076293945,57.150001525878906,52.68000030517578,53.91999816894531,53.91999816894531,2131400
2018-12-10,53.900001525878906,55.744998931884766,53.45000076293945,55.34000015258789,55.34000015258789,1895800
2018-12-11,56.650001525878906,56.992000579833984,54.527000427246094,55.279998779296875,55.279998779296875,1560300
2018-12-12,56.13999938964844,57.95000076293945,55.90999984741211,57.43000030517578,57.43000030517578,2229400
2018-12-13,56.849998474121094,57.70000076293945,54.2599983215332,55.04999923706055,55.04999923706055,4371200
2018-12-14,54.54999923706055,56.34000015258789,53.89500045776367,54.34000015258789,54.34000015258789,1714000
2018-12-17,53.86000061035156,54.0,50.59000015258789,51.16999816894531,51.16999816894531,2380900
2018-12-18,51.40999984741211,52.880001068115234,50.209999084472656,51.849998474121094,51.849998474121094,2447100
2018-12-19,51.959999084472656,53.25,49.2599983215332,50.060001373291016,50.060001373291016,2794800
2018-12-20,49.75,50.810001373291016,46.73400115966797,48.2599983215332,48.2599983215332,3429600
2018-12-21,47.540000915527344,47.88399887084961,43.263999938964844,43.68000030517578,43.68000030517578,5022800
2018-12-24,42.290000915527344,44.279998779296875,42.0,43.119998931884766,43.119998931884766,1471300
2018-12-26,43.310001373291016,46.95000076293945,43.18000030517578,46.900001525878906,46.900001525878906,3772900
2018-12-27,46.029998779296875,47.349998474121094,44.79999923706055,47.349998474121094,47.349998474121094,1843600
2018-12-28,47.7599983215332,48.380001068115234,46.040000915527344,47.290000915527344,47.290000915527344,1241700
2018-12-31,47.900001525878906,48.58000183105469,47.34000015258789,47.56999969482422,47.56999969482422,1527000
2019-01-02,46.22999954223633,47.72999954223633,45.279998779296875,47.0,47.0,1968600
2019-01-03,46.33000183105469,47.560001373291016,45.709999084472656,46.029998779296875,46.029998779296875,1803100
2019-01-04,48.060001373291016,50.88399887084961,47.40999984741211,49.70000076293945,49.70000076293945,4075000
2019-01-07,50.18000030517578,52.279998779296875,49.290000915527344,51.56999969482422,51.56999969482422,3153900
2019-01-08,53.13999938964844,54.0,51.54100036621094,53.880001068115234,53.880001068115234,2824800
2019-01-09,53.90999984741211,54.79999923706055,52.54999923706055,52.77000045776367,52.77000045776367,2078300
2019-01-10,52.150001525878906,52.262001037597656,50.06999969482422,51.34000015258789,51.34000015258789,2946800
2019-01-11,50.91999816894531,52.624000549316406,50.79999923706055,52.06999969482422,52.06999969482422,1947500
2019-01-14,51.5,52.34000015258789,50.599998474121094,52.040000915527344,52.040000915527344,1313400
2019-01-15,52.31999969482422,54.380001068115234,52.250999450683594,54.33000183105469,54.33000183105469,1678000
2019-01-16,54.619998931884766,56.41999816894531,54.34000015258789,54.529998779296875,54.529998779296875,2464300
2019-01-17,53.709999084472656,55.08000183105469,53.560001373291016,54.59000015258789,54.59000015258789,1543800
2019-01-18,55.040000915527344,56.38999938964844,53.72999954223633,55.83000183105469,55.83000183105469,1966300
2019-01-22,55.29999923706055,56.11000061035156,52.70000076293945,53.540000915527344,53.540000915527344,2091100
2019-01-23,54.0099983215332,55.369998931884766,53.650001525878906,53.83000183105469,53.83000183105469,1307000
2019-01-24,54.0,54.459999084472656,53.2599983215332,54.34000015258789,54.34000015258789,911700
2019-01-25,54.900001525878906,55.595001220703125,54.029998779296875,55.0,55.0,1360000
2019-01-28,54.29999923706055,54.959999084472656,53.2599983215332,54.91999816894531,54.91999816894531,1255400
2019-01-29,55.0099983215332,55.880001068115234,53.09000015258789,53.52000045776367,53.52000045776367,1334000
2019-01-30,54.119998931884766,54.43000030517578,52.619998931884766,54.189998626708984,54.189998626708984,1985000
2019-01-31,53.939998626708984,55.2400016784668,53.939998626708984,54.650001525878906,54.650001525878906,1509700
2019-02-01,54.369998931884766,54.970001220703125,53.79999923706055,54.380001068115234,54.380001068115234,1849500
2019-02-04,54.33000183105469,55.150001525878906,54.28799819946289,54.7400016784668,54.7400016784668,2304700
2019-02-05,55.189998626708984,60.58000183105469,54.86000061035156,55.439998626708984,55.439998626708984,10011200
2019-02-06,55.779998779296875,55.79999923706055,50.939998626708984,52.59000015258789,52.59000015258789,5699800
2019-02-07,51.810001373291016,52.0,50.13999938964844,51.529998779296875,51.529998779296875,2465600
2019-02-08,51.060001373291016,53.43000030517578,50.5,53.150001525878906,53.150001525878906,2551300
2019-02-11,53.790000915527344,54.33000183105469,52.70000076293945,53.150001525878906,53.150001525878906,2122300
2019-02-12,53.939998626708984,55.83000183105469,53.849998474121094,55.83000183105469,55.83000183105469,2576600
2019-02-13,55.959999084472656,57.0,54.09000015258789,55.040000915527344,55.040000915527344,2073500
2019-02-14,54.15999984741211,54.529998779296875,53.38999938964844,54.060001373291016,54.060001373291016,1595400
2019-02-15,54.47999954223633,55.13999938964844,54.0,54.65999984741211,54.65999984741211,2537500
2019-02-19,54.400001525878906,55.84000015258789,54.22999954223633,55.279998779296875,55.279998779296875,1440200
2019-02-20,55.54999923706055,55.689998626708984,54.119998931884766,54.18000030517578,54.18000030517578,1676900
2019-02-21,53.97999954223633,54.2400016784668,52.220001220703125,53.029998779296875,53.029998779296875,1911600
2019-02-22,53.59000015258789,56.93000030517578,53.5099983215332,56.66999816894531,56.66999816894531,3844500
2019-02-25,59.849998474121094,60.5,55.86000061035156,59.0099983215332,59.0099983215332,12654100
2019-02-26,65.22000122070312,69.5,64.25,68.6500015258789,68.6500015258789,23794200
2019-02-27,68.2300033569336,72.0,68.05000305175781,71.73999786376953,71.73999786376953,6781600
2019-02-28,71.6500015258789,72.4530029296875,69.63999938964844,71.2699966430664,71.2699966430664,4879100
2019-03-01,72.0,73.33000183105469,71.4800033569336,72.7699966430664,72.7699966430664,3377000
2019-03-04,73.29000091552734,73.34500122070312,66.94999694824219,68.98999786376953,68.98999786376953,5146000
2019-03-05,68.86000061035156,71.0,67.89399719238281,70.61000061035156,70.61000061035156,2399800
2019-03-06,70.19000244140625,71.08999633789062,69.26000213623047,70.04000091552734,70.04000091552734,1758500
2019-03-07,70.26000213623047,71.91000366210938,65.74600219726562,67.23999786376953,67.23999786376953,6632000
2019-03-08,64.0,68.25,62.029998779296875,67.7699966430664,67.7699966430664,3291900
2019-03-11,67.79000091552734,71.27999877929688,67.73999786376953,70.66000366210938,70.66000366210938,3015300
2019-03-12,70.51000213623047,71.68000030517578,69.30000305175781,71.1500015258789,71.1500015258789,1777700
2019-03-13,71.61000061035156,72.38999938964844,69.93000030517578,70.1500015258789,70.1500015258789,2353800
2019-03-14,70.19999694824219,70.80000305175781,69.38500213623047,69.91000366210938,69.91000366210938,1593800
2019-03-15,70.5,71.5,69.6500015258789,69.88999938964844,69.88999938964844,5164000
2019-03-18,69.87000274658203,70.19000244140625,68.52999877929688,69.55000305175781,69.55000305175781,1962800
2019-03-19,70.20999908447266,70.4000015258789,68.27999877929688,68.5,68.5,1985600
2019-03-20,68.26000213623047,69.72000122070312,67.9000015258789,68.9000015258789,68.9000015258789,1812000
2019-03-21,68.55999755859375,70.1500015258789,68.55999755859375,69.44000244140625,69.44000244140625,1362200
2019-03-22,68.97000122070312,69.25,65.56999969482422,66.0199966430664,66.0199966430664,2262200
2019-03-25,66.0199966430664,68.06999969482422,65.0530014038086,67.86000061035156,67.86000061035156,2396700
2019-03-26,68.47000122070312,69.05000305175781,67.44000244140625,67.73999786376953,67.73999786376953,1431700
2019-03-27,67.66000366210938,68.02999877929688,64.94999694824219,65.51000213623047,65.51000213623047,1596400
2019-03-28,66.06999969482422,67.19999694824219,65.16999816894531,67.12999725341797,67.12999725341797,1456100
2019-03-29,67.48999786376953,68.5,67.01699829101562,67.22000122070312,67.22000122070312,1219100
2019-04-01,67.95999908447266,68.5999984741211,66.31999969482422,68.16000366210938,68.16000366210938,1679000
2019-04-02,68.5,70.68900299072266,68.33999633789062,69.7300033569336,69.7300033569336,3552100
2019-04-03,69.81999969482422,70.30000305175781,69.01300048828125,69.45999908447266,69.45999908447266,1911300
2019-04-04,70.13999938964844,70.3499984741211,66.05000305175781,68.30000305175781,68.30000305175781,2704500
2019-04-05,68.4000015258789,69.13999938964844,67.81400299072266,68.22000122070312,68.22000122070312,1291600
2019-04-08,67.87999725341797,67.90399932861328,66.30999755859375,67.6500015258789,67.6500015258789,1049700
2019-04-09,67.41000366210938,68.19999694824219,66.5999984741211,66.69000244140625,66.69000244140625,1248700
2019-04-10,66.80000305175781,68.91999816894531,66.80000305175781,68.20999908447266,68.20999908447266,1064700
2019-04-11,68.41000366210938,69.27999877929688,67.54000091552734,67.6500015258789,67.6500015258789,1106400
2019-04-12,68.25,68.29000091552734,65.05999755859375,65.37999725341797,65.37999725341797,2070900
2019-04-15,65.37999725341797,66.49299621582031,65.01000213623047,66.19999694824219,66.19999694824219,1364800
2019-04-16,66.69000244140625,67.375,66.04900360107422,66.27999877929688,66.27999877929688,1267000
2019-04-17,66.69000244140625,67.04000091552734,63.97999954223633,64.25,64.25,1575900
2019-04-18,64.02999877929688,64.22000122070312,62.209999084472656,63.400001525878906,63.400001525878906,1813000
2019-04-22,63.040000915527344,63.779998779296875,62.68000030517578,63.5099983215332,63.5099983215332,970000
2019-04-23,63.95000076293945,65.55999755859375,63.720001220703125,65.22000122070312,65.22000122070312,1767600
2019-04-24,65.97000122070312,66.52999877929688,65.08999633789062,66.08000183105469,66.08000183105469,1389600
2019-04-25,66.2699966430664,68.21099853515625,65.91000366210938,67.8499984741211,67.8499984741211,1691200
2019-04-26,67.87000274658203,68.43000030517578,67.13999938964844,67.70999908447266,67.70999908447266,1203700
2019-04-29,68.0,69.63999938964844,67.51000213623047,69.41000366210938,69.41000366210938,1409200
2019-04-30,69.12999725341797,69.78500366210938,65.80999755859375,67.54000091552734,67.54000091552734,2391700
2019-05-01,68.08999633789062,68.72000122070312,66.73999786376953,66.79000091552734,66.79000091552734,1671800
2019-05-02,66.62999725341797,68.09500122070312,65.75,68.06999969482422,68.06999969482422,1365500
2019-05-03,68.9000015258789,70.08999633789062,67.82599639892578,69.6500015258789,69.6500015258789,1579600
2019-05-06,67.93000030517578,69.43000030517578,67.4000015258789,69.02999877929688,69.02999877929688,1772200
2019-05-07,68.12000274658203,68.8499984741211,65.66999816894531,66.97000122070312,66.97000122070312,1935000
2019-05-08,66.75,68.20899963378906,65.9000015258789,68.08000183105469,68.08000183105469,3978300
2019-05-09,63.25,65.19999694824219,59.540000915527344,60.7599983215332,60.7599983215332,10280300
2019-05-10,61.36000061035156,63.20000076293945,59.845001220703125,61.79999923706055,61.79999923706055,4106900
2019-05-13,59.68000030517578,59.93000030517578,56.939998626708984,57.22999954223633,57.22999954223633,4066700
2019-05-14,58.0,59.209999084472656,57.18000030517578,58.81999969482422,58.81999969482422,1871100
2019-05-15,58.04999923706055,61.959999084472656,58.02000045776367,61.88999938964844,61.88999938964844,2297700
2019-05-16,61.90999984741211,64.23999786376953,61.90999984741211,63.650001525878906,63.650001525878906,2350800
2019-05-17,62.63999938964844,64.12999725341797,62.2400016784668,62.779998779296875,62.779998779296875,1840700
2019-05-20,61.58000183105469,63.40999984741211,61.0099983215332,63.119998931884766,63.119998931884766,1838100
2019-05-21,63.91999816894531,65.61000061035156,63.790000915527344,65.20999908447266,65.20999908447266,2027700
2019-05-22,64.81999969482422,65.5199966430664,64.0,64.01000213623047,64.01000213623047,1177400
2019-05-23,62.560001373291016,63.88999938964844,61.75,63.31999969482422,63.31999969482422,2149900
2019-05-24,63.70000076293945,64.72000122070312,63.650001525878906,64.70999908447266,64.70999908447266,1062900
2019-05-28,65.0999984741211,66.20999908447266,64.3499984741211,65.02999877929688,65.02999877929688,1940500
2019-05-29,64.20999908447266,64.22000122070312,61.33000183105469,62.130001068115234,62.130001068115234,1715200
2019-05-30,62.540000915527344,63.40999984741211,61.41999816894531,62.95000076293945,62.95000076293945,1223300
2019-05-31,61.61000061035156,63.02000045776367,60.689998626708984,62.310001373291016,62.310001373291016,1557800
2019-06-03,61.95000076293945,62.70000076293945,60.209999084472656,61.06999969482422,61.06999969482422,1826700
2019-06-04,61.58000183105469,62.060001373291016,59.72999954223633,61.25,61.25,2289600
2019-06-05,61.150001525878906,62.47999954223633,60.31999969482422,61.4900016784668,61.4900016784668,1500900
2019-06-06,61.11000061035156,62.20800018310547,60.38999938964844,61.959999084472656,61.959999084472656,1267800
2019-06-07,62.290000915527344,64.86000061035156,62.2400016784668,63.88999938964844,63.88999938964844,1925900
2019-06-10,64.91999816894531,67.20999908447266,64.62000274658203,65.30999755859375,65.30999755859375,2274900
2019-06-11,65.77999877929688,67.86000061035156,65.69999694824219,67.18000030517578,67.18000030517578,2668700
2019-06-12,67.25,69.72000122070312,66.52400207519531,69.16999816894531,69.16999816894531,3212500
2019-06-13,70.06999969482422,71.80000305175781,69.52999877929688,70.05000305175781,70.05000305175781,2721700
2019-06-14,70.12000274658203,70.19000244140625,67.44999694824219,67.80000305175781,67.80000305175781,1858500
2019-06-17,68.31999969482422,69.3499984741211,67.58999633789062,68.45999908447266,68.45999908447266,1316200
2019-06-18,69.0,69.66000366210938,65.94000244140625,66.94999694824219,66.94999694824219,2433400
2019-06-19,67.29000091552734,68.48999786376953,66.2300033569336,68.13999938964844,68.13999938964844,1443700
2019-06-20,69.37999725341797,69.95999908447266,68.11100006103516,68.83000183105469,68.83000183105469,1699600
2019-06-21,68.38999938964844,68.63999938964844,65.66000366210938,65.77999877929688,65.77999877929688,2333700
2019-06-24,66.36000061035156,66.4000015258789,63.869998931884766,63.93000030517578,63.93000030517578,2252400
2019-06-25,63.68000030517578,64.5,61.27000045776367,61.790000915527344,61.790000915527344,3151300
2019-06-26,62.13999938964844,62.88999938964844,59.90999984741211,60.36000061035156,60.36000061035156,2348300
2019-06-27,60.439998626708984,62.79999923706055,60.292999267578125,62.36000061035156,62.36000061035156,3215100
2019-06-28,62.27000045776367,62.54999923706055,61.09000015258789,61.369998931884766,61.369998931884766,16253800
2019-07-01,63.58000183105469,63.75,61.25,62.060001373291016,62.060001373291016,4576500
2019-07-02,61.7400016784668,62.67499923706055,60.69499969482422,62.63999938964844,62.63999938964844,2735000
2019-07-03,62.54999923706055,64.5199966430664,62.54999923706055,64.27999877929688,64.27999877929688,1028900
2019-07-05,63.869998931884766,63.89099884033203,62.709999084472656,63.380001068115234,63.380001068115234,1462600
2019-07-08,63.08000183105469,64.31500244140625,62.310001373291016,64.01000213623047,64.01000213623047,1624000
2019-07-09,64.31999969482422,67.12000274658203,63.9900016784668,66.86000061035156,66.86000061035156,3057100
2019-07-10,67.52999877929688,68.35900115966797,66.11000061035156,66.44999694824219,66.44999694824219,2326700
2019-07-11,66.45999908447266,66.94999694824219,64.33999633789062,64.98999786376953,64.98999786376953,1455600
2019-07-12,65.31999969482422,65.7699966430664,64.0999984741211,64.5999984741211,64.5999984741211,1401300
2019-07-15,65.12999725341797,65.69000244140625,64.47000122070312,65.55000305175781,65.55000305175781,1194300
2019-07-16,65.27999877929688,65.53099822998047,63.560001373291016,64.20999908447266,64.20999908447266,1422400
2019-07-17,64.36000061035156,64.69999694824219,63.34000015258789,63.41999816894531,63.41999816894531,1628900
2019-07-18,63.47999954223633,65.33499908447266,63.34000015258789,65.19999694824219,65.19999694824219,1981900
2019-07-19,65.5,66.22000122070312,65.30000305175781,65.8499984741211,65.8499984741211,1354100
2019-07-22,66.37999725341797,68.62000274658203,65.80999755859375,68.52999877929688,68.52999877929688,2109100
2019-07-23,68.97000122070312,69.16000366210938,67.0999984741211,67.81999969482422,67.81999969482422,2647600
2019-07-24,67.73999786376953,68.67400360107422,67.58000183105469,68.05000305175781,68.05000305175781,2303300
2019-07-25,68.94999694824219,69.94999694824219,67.71499633789062,68.7300033569336,68.7300033569336,2460700
2019-07-26,68.63999938964844,71.08000183105469,68.63999938964844,70.86000061035156,70.86000061035156,2370200
2019-07-29,70.55000305175781,70.5999984741211,68.11000061035156,69.12000274658203,69.12000274658203,1500500
2019-07-30,68.58000183105469,69.09100341796875,67.86000061035156,68.0,68.0,1285300
2019-07-31,68.04000091552734,68.58999633789062,66.0,67.0199966430664,67.0199966430664,1957100
2019-08-01,67.2699966430664,70.0999984741211,66.2699966430664,68.13999938964844,68.13999938964844,5424300
2019-08-02,64.08000183105469,68.6500015258789,59.68000030517578,59.709999084472656,59.709999084472656,8312200
2019-08-05,56.47999954223633,57.7599983215332,52.82099914550781,53.939998626708984,53.939998626708984,6277700
2019-08-06,55.68000030517578,56.400001525878906,54.65999984741211,55.38999938964844,55.38999938964844,3653500
2019-08-07,55.029998779296875,56.52000045776367,53.619998931884766,56.060001373291016,56.060001373291016,3314300
2019-08-08,56.54999923706055,58.849998474121094,56.09000015258789,58.040000915527344,58.040000915527344,3183100
2019-08-09,57.349998474121094,57.619998931884766,56.13999938964844,56.43000030517578,56.43000030517578,1959200
2019-08-12,55.7599983215332,56.0,54.150001525878906,54.970001220703125,54.970001220703125,1511400
2019-08-13,54.52000045776367,56.77000045776367,54.51100158691406,55.7400016784668,55.7400016784668,1471800
2019-08-14,53.779998779296875,54.5,52.47800064086914,52.84000015258789,52.84000015258789,1733200
2019-08-15,52.4900016784668,53.00600051879883,51.27000045776367,51.709999084472656,51.709999084472656,2620100
2019-08-16,52.380001068115234,52.904998779296875,51.779998779296875,52.61000061035156,52.61000061035156,1810600
2019-08-19,53.47999954223633,53.529998779296875,51.4900016784668,52.40999984741211,52.40999984741211,3118600
2019-08-20,52.43000030517578,53.369998931884766,51.75,52.88999938964844,52.88999938964844,2168300
2019-08-21,53.540000915527344,55.13999938964844,53.130001068115234,54.25,54.25,2052400
2019-08-22,55.83000183105469,56.060001373291016,53.948001861572266,55.400001525878906,55.400001525878906,2327800
2019-08-23,54.36000061035156,55.5,53.83100128173828,54.09000015258789,54.09000015258789,2151700
2019-08-26,54.380001068115234,54.81999969482422,53.029998779296875,53.58000183105469,53.58000183105469,1558100
2019-08-27,53.91999816894531,54.47999954223633,53.220001220703125,53.40999984741211,53.40999984741211,2284800
2019-08-28,53.040000915527344,54.47999954223633,52.52000045776367,54.34000015258789,54.34000015258789,896600
2019-08-29,55.5,55.5,53.970001220703125,54.400001525878906,54.400001525878906,1004000
2019-08-30,54.900001525878906,54.900001525878906,52.13999938964844,52.790000915527344,52.790000915527344,1958900
2019-09-03,51.849998474121094,52.33000183105469,49.63999938964844,50.29999923706055,50.29999923706055,2679400
2019-09-04,51.20000076293945,51.64500045776367,49.9900016784668,50.150001525878906,50.150001525878906,2232700
2019-09-05,49.25,50.41999816894531,47.810001373291016,50.099998474121094,50.099998474121094,3784400
2019-09-06,50.2599983215332,50.481998443603516,47.69900131225586,47.97999954223633,47.97999954223633,3700700
2019-09-09,49.599998474121094,50.54999923706055,48.91999816894531,50.5,50.5,5493100
2019-09-10,49.86000061035156,51.93000030517578,49.380001068115234,50.529998779296875,50.529998779296875,3808400
2019-09-11,50.439998626708984,52.75,49.720001220703125,52.66999816894531,52.66999816894531,3784700
2019-09-12,53.2400016784668,55.91999816894531,53.15999984741211,54.880001068115234,54.880001068115234,3851500
2019-09-13,56.22999954223633,57.279998779296875,55.65999984741211,56.86000061035156,56.86000061035156,4835100
2019-09-16,56.22999954223633,57.970001220703125,55.35499954223633,57.84000015258789,57.84000015258789,3006500
2019-09-17,57.88999938964844,59.93000030517578,57.349998474121094,59.849998474121094,59.849998474121094,3746000
2019-09-18,59.72999954223633,61.189998626708984,58.099998474121094,59.45000076293945,59.45000076293945,3845300
2019-09-19,60.22999954223633,60.43000030517578,58.2599983215332,59.06999969482422,59.06999969482422,9327100
2019-09-20,60.90999984741211,61.150001525878906,58.279998779296875,60.40999984741211,60.40999984741211,21290300
2019-09-23,60.439998626708984,61.540000915527344,60.150001525878906,60.540000915527344,60.540000915527344,3647400
2019-09-24,60.380001068115234,61.22100067138672,56.689998626708984,56.900001525878906,56.900001525878906,4253100
2019-09-25,56.63999938964844,56.92900085449219,54.599998474121094,55.0,55.0,6614400
2019-09-26,54.7400016784668,55.29999923706055,53.41999816894531,54.400001525878906,54.400001525878906,5044500
2019-09-27,54.689998626708984,55.15999984741211,53.7400016784668,54.810001373291016,54.810001373291016,2540300
2019-09-30,54.97999954223633,56.58000183105469,54.849998474121094,56.5,56.5,2507500
2019-10-01,56.720001220703125,57.327999114990234,55.15399932861328,55.29999923706055,55.29999923706055,2172100
2019-10-02,54.58000183105469,54.66999816894531,52.849998474121094,53.90999984741211,53.90999984741211,3066300
2019-10-03,53.83000183105469,55.84000015258789,53.47999954223633,55.81999969482422,55.81999969482422,2755400
2019-10-04,57.150001525878906,58.09000015258789,55.61000061035156,56.47999954223633,56.47999954223633,2638000
2019-10-07,55.84000015258789,56.702999114990234,55.33000183105469,55.91999816894531,55.91999816894531,2751100
2019-10-08,55.040000915527344,55.939998626708984,54.599998474121094,55.209999084472656,55.209999084472656,2436700
2019-10-09,55.54999923706055,57.797000885009766,55.290000915527344,57.20500183105469,57.20500183105469,2174100
2019-10-10,56.900001525878906,58.4900016784668,56.13999938964844,57.77000045776367,57.77000045776367,2623100
2019-10-11,58.75,60.38999938964844,58.75,59.2599983215332,59.2599983215332,2804400
2019-10-14,59.220001220703125,59.79999923706055,58.529998779296875,59.11000061035156,59.11000061035156,1500600
2019-10-15,59.27000045776367,60.88199996948242,58.91600036621094,60.02000045776367,60.02000045776367,1627000
2019-10-16,60.02000045776367,60.130001068115234,58.290000915527344,58.54999923706055,58.54999923706055,2319900
2019-10-17,59.189998626708984,60.79999923706055,58.79999923706055,60.41999816894531,60.41999816894531,1762900
2019-10-18,59.20000076293945,59.5,56.79999923706055,57.61000061035156,57.61000061035156,2921400
2019-10-21,58.130001068115234,58.529998779296875,57.650001525878906,58.040000915527344,58.040000915527344,1200300
2019-10-22,58.18000030517578,58.18000030517578,56.66999816894531,56.83000183105469,56.83000183105469,2424000
2019-10-23,56.68000030517578,57.38199996948242,56.15999984741211,56.63999938964844,56.63999938964844,2037900
2019-10-24,56.970001220703125,58.32500076293945,55.79999923706055,57.75,57.75,3876600
2019-10-25,57.40999984741211,59.0,55.66999816894531,58.66999816894531,58.66999816894531,4683900
2019-10-28,59.2400016784668,59.380001068115234,57.14500045776367,57.31999969482422,57.31999969482422,2663900
2019-10-29,57.31999969482422,57.31999969482422,53.619998931884766,54.40999984741211,54.40999984741211,4615800
2019-10-30,54.54999923706055,54.810001373291016,51.86000061035156,52.79999923706055,52.79999923706055,7103600
2019-10-31,46.380001068115234,46.630001068115234,43.54999923706055,44.4900016784668,44.4900016784668,16320100
2019-11-01,44.45000076293945,46.720001220703125,43.939998626708984,45.654998779296875,45.654998779296875,6325700
2019-11-04,45.880001068115234,45.95000076293945,44.6510009765625,44.7400016784668,44.7400016784668,4870100
2019-11-05,44.849998474121094,44.91299819946289,43.13999938964844,43.22999954223633,43.22999954223633,3556000
2019-11-06,43.22999954223633,43.33000183105469,42.0,42.619998931884766,42.619998931884766,3972400
2019-11-07,42.7400016784668,43.0,41.41999816894531,41.86000061035156,41.86000061035156,3467600
2019-11-08,41.720001220703125,42.58000183105469,41.470001220703125,41.9900016784668,41.9900016784668,3333500
2019-11-11,41.77000045776367,42.08000183105469,40.779998779296875,40.83000183105469,40.83000183105469,4376500
2019-11-12,41.119998931884766,41.95000076293945,40.45000076293945,40.79999923706055,40.79999923706055,5035500
2019-11-13,40.63999938964844,40.75,39.810001373291016,40.68000030517578,40.68000030517578,3108100
2019-11-14,40.599998474121094,42.027000427246094,40.5,41.84000015258789,41.84000015258789,4456300
2019-11-15,42.29999923706055,42.97999954223633,41.7400016784668,42.0,42.0,5042300
2019-11-18,42.060001373291016,42.650001525878906,41.880001068115234,41.9900016784668,41.9900016784668,2948100
2019-11-19,42.36000061035156,42.72999954223633,40.72999954223633,40.86000061035156,40.86000061035156,3101100
2019-11-20,40.970001220703125,41.650001525878906,40.060001373291016,40.63999938964844,40.63999938964844,5079400
2019-11-21,40.79999923706055,41.558998107910156,40.5099983215332,41.47999954223633,41.47999954223633,3494100
2019-11-22,41.63999938964844,42.400001525878906,41.279998779296875,41.84000015258789,41.84000015258789,2201500
2019-11-25,42.22999954223633,43.27899932861328,42.22999954223633,42.77000045776367,42.77000045776367,2697200
2019-11-26,43.0,44.26499938964844,43.0,43.380001068115234,43.380001068115234,3565000
2019-11-27,43.72999954223633,44.70000076293945,43.560001373291016,44.42499923706055,44.42499923706055,2439300
2019-11-29,44.41999816894531,44.689998626708984,43.209999084472656,43.38999938964844,43.38999938964844,1486000
2019-12-02,43.709999084472656,43.75,41.72999954223633,43.119998931884766,43.119998931884766,2819200
2019-12-03,41.91999816894531,42.970001220703125,41.689998626708984,42.630001068115234,42.630001068115234,2269000
2019-12-04,42.9900016784668,43.290000915527344,41.970001220703125,42.13999938964844,42.13999938964844,2500400
2019-12-05,40.470001220703125,41.81999969482422,39.7599983215332,41.06999969482422,41.06999969482422,6423700
2019-12-06,41.279998779296875,42.33000183105469,40.97999954223633,41.22999954223633,41.22999954223633,2388100
2019-12-09,41.2599983215332,41.97999954223633,40.959999084472656,41.15999984741211,41.15999984741211,2176100
2019-12-10,41.0099983215332,41.099998474121094,40.10499954223633,40.5099983215332,40.5099983215332,1929700
2019-12-11,40.540000915527344,41.279998779296875,40.400001525878906,41.029998779296875,41.029998779296875,1320800
2019-12-12,41.0099983215332,42.279998779296875,40.900001525878906,41.97999954223633,41.97999954223633,2201100
2019-12-13,43.099998474121094,43.369998931884766,41.900001525878906,42.290000915527344,42.290000915527344,2158100
2019-12-16,42.4900016784668,43.529998779296875,42.33000183105469,43.099998474121094,43.099998474121094,3068400
2019-12-17,43.09000015258789,43.189998626708984,41.939998626708984,43.04999923706055,43.04999923706055,3012400
2019-12-18,43.29999923706055,43.29999923706055,42.21500015258789,42.34000015258789,42.34000015258789,2606900
2019-12-19,42.66999816894531,44.439998626708984,42.595001220703125,43.939998626708984,43.939998626708984,3406200
2019-12-20,44.209999084472656,44.5099983215332,43.529998779296875,44.060001373291016,44.060001373291016,3000600
2019-12-23,44.310001373291016,45.1150016784668,43.91999816894531,44.779998779296875,44.779998779296875,1642800
2019-12-24,45.130001068115234,45.2400016784668,44.54999923706055,44.66999816894531,44.66999816894531,616300
2019-12-26,44.939998626708984,45.81999969482422,44.93000030517578,45.40999984741211,45.40999984741211,1654400
2019-12-27,45.7400016784668,45.904998779296875,44.810001373291016,44.97999954223633,44.97999954223633,1877000
2019-12-30,45.11000061035156,45.47999954223633,44.41999816894531,44.470001220703125,44.470001220703125,1352200
2019-12-31,44.20000076293945,44.68000030517578,43.75,44.29999923706055,44.29999923706055,2325000
2020-01-02,44.709999084472656,45.61000061035156,44.709999084472656,45.189998626708984,45.189998626708984,2152300
2020-01-03,44.5,45.31999969482422,44.02000045776367,44.900001525878906,44.900001525878906,2109800
2020-01-06,44.66999816894531,45.189998626708984,44.36000061035156,44.834999084472656,44.834999084472656,2077100
2020-01-07,45.0,46.119998931884766,44.900001525878906,45.779998779296875,45.779998779296875,1945500
2020-01-08,45.84000015258789,46.619998931884766,44.875,45.005001068115234,45.005001068115234,3222700
2020-01-09,45.29999923706055,46.630001068115234,44.79999923706055,46.43000030517578,46.43000030517578,2428900
2020-01-10,46.79999923706055,46.959999084472656,45.88999938964844,46.130001068115234,46.130001068115234,1979100
2020-01-13,46.279998779296875,48.125,46.09000015258789,47.959999084472656,47.959999084472656,3236300
2020-01-14,48.09000015258789,49.31999969482422,48.02000045776367,49.150001525878906,49.150001525878906,4489000
2020-01-15,49.09000015258789,50.279998779296875,48.54999923706055,48.86000061035156,48.86000061035156,2945900
2020-01-16,49.36000061035156,51.2400016784668,49.279998779296875,50.900001525878906,50.900001525878906,3106000
2020-01-17,51.119998931884766,51.619998931884766,50.709999084472656,51.439998626708984,51.439998626708984,2168600
2020-01-21,51.369998931884766,51.38999938964844,49.75,50.70000076293945,50.70000076293945,2980700
2020-01-22,51.060001373291016,51.779998779296875,50.040000915527344,50.2400016784668,50.2400016784668,1789000
2020-01-23,50.0,50.459999084472656,48.779998779296875,50.22999954223633,50.22999954223633,2238800
2020-01-24,50.54999923706055,51.209999084472656,50.060001373291016,50.52000045776367,50.52000045776367,2238700
2020-01-27,48.75,49.58000183105469,47.33000183105469,49.31999969482422,49.31999969482422,2196400
2020-01-28,49.79999923706055,50.43000030517578,49.380001068115234,49.83000183105469,49.83000183105469,4233100
2020-01-29,49.83000183105469,50.97999954223633,49.83000183105469,50.150001525878906,50.150001525878906,1903100
2020-01-30,49.65999984741211,50.40999984741211,49.36000061035156,50.290000915527344,50.290000915527344,1654400
2020-01-31,50.29999923706055,50.349998474121094,48.47999954223633,48.810001373291016,48.810001373291016,2127900
2020-02-03,49.040000915527344,49.79999923706055,48.78499984741211,49.36000061035156,49.36000061035156,1852700
2020-02-04,49.95000076293945,51.25,49.779998779296875,50.720001220703125,50.720001220703125,1667100
2020-02-05,51.599998474121094,51.599998474121094,49.5,49.56999969482422,49.56999969482422,1635400
2020-02-06,49.709999084472656,49.75,49.0099983215332,49.47999954223633,49.47999954223633,1259000
2020-02-07,49.349998474121094,49.900001525878906,48.599998474121094,49.63999938964844,49.63999938964844,1563700
2020-02-10,49.56999969482422,50.470001220703125,49.43000030517578,50.369998931884766,50.369998931884766,1396900
2020-02-11,50.40999984741211,51.45000076293945,50.18000030517578,50.560001373291016,50.560001373291016,1391900
2020-02-12,51.290000915527344,52.59000015258789,51.099998474121094,52.25,52.25,1569600
2020-02-13,51.790000915527344,53.13999938964844,51.5,52.970001220703125,52.970001220703125,2131900
2020-02-14,53.38999938964844,53.540000915527344,52.20000076293945,53.15999984741211,53.15999984741211,2065900
2020-02-18,53.02000045776367,53.79999923706055,52.650001525878906,53.31999969482422,53.31999969482422,1819500
2020-02-19,53.790000915527344,54.25,52.900001525878906,53.18000030517578,53.18000030517578,2700500
2020-02-20,53.369998931884766,55.474998474121094,53.18000030517578,54.38999938964844,54.38999938964844,3451000
2020-02-21,54.18000030517578,54.27000045776367,52.84000015258789,53.70000076293945,53.70000076293945,2006000
2020-02-24,50.970001220703125,51.939998626708984,50.060001373291016,51.33000183105469,51.33000183105469,3818600
2020-02-25,52.04999923706055,52.7599983215332,49.20000076293945,49.88999938964844,49.88999938964844,3998100
2020-02-26,50.290000915527344,52.650001525878906,50.0,50.689998626708984,50.689998626708984,6523100
2020-02-27,55.42499923706055,60.08000183105469,53.810001373291016,57.91999816894531,57.91999816894531,13157400
2020-02-28,56.849998474121094,59.81999969482422,56.321998596191406,57.810001373291016,57.810001373291016,5815800
2020-03-02,58.02000045776367,59.790000915527344,56.90999984741211,58.84000015258789,58.84000015258789,5572800
2020-03-03,58.91999816894531,59.93000030517578,56.81999969482422,58.209999084472656,58.209999084472656,4053300
2020-03-04,59.08000183105469,63.14500045776367,57.849998474121094,62.459999084472656,62.459999084472656,4779100
2020-03-05,61.0099983215332,63.2400016784668,60.83000183105469,62.130001068115234,62.130001068115234,3514100
2020-03-06,60.5,62.880001068115234,59.25,60.650001525878906,60.650001525878906,3726300
2020-03-09,55.650001525878906,59.459999084472656,54.22999954223633,58.5,58.5,3751300
2020-03-10,60.20000076293945,60.7400016784668,55.38999938964844,57.970001220703125,57.970001220703125,4110300
2020-03-11,56.54999923706055,56.970001220703125,49.80500030517578,50.22999954223633,50.22999954223633,6862000
2020-03-12,45.27000045776367,47.849998474121094,43.119998931884766,44.040000915527344,44.040000915527344,6107600
2020-03-13,46.5,49.060001373291016,44.290000915527344,49.0099983215332,49.0099983215332,3970200
2020-03-16,44.150001525878906,44.290000915527344,40.66999816894531,41.650001525878906,41.650001525878906,4022500
2020-03-17,42.279998779296875,43.13999938964844,38.900001525878906,42.119998931884766,42.119998931884766,3308300
2020-03-18,39.630001068115234,40.400001525878906,34.19900131225586,39.25,39.25,4642000
2020-03-19,37.75,38.470001220703125,33.5890007019043,34.65999984741211,34.65999984741211,8012500
2020-03-20,35.880001068115234,36.20000076293945,31.0,31.690000534057617,31.690000534057617,5864800
2020-03-23,31.600000381469727,33.7400016784668,29.950000762939453,33.029998779296875,33.029998779296875,4093500
2020-03-24,35.2599983215332,39.040000915527344,34.029998779296875,38.130001068115234,38.130001068115234,5535000
2020-03-25,38.869998931884766,43.97999954223633,37.650001525878906,41.290000915527344,41.290000915527344,4982800
2020-03-26,41.290000915527344,44.400001525878906,40.86000061035156,41.880001068115234,41.880001068115234,4486600
2020-03-27,40.25,40.439998626708984,38.06999969482422,38.66999816894531,38.66999816894531,3805600
2020-03-30,38.189998626708984,38.959999084472656,36.790000915527344,38.66999816894531,38.66999816894531,3033700
2020-03-31,38.439998626708984,40.31999969482422,37.380001068115234,38.439998626708984,38.439998626708984,2831700
2020-04-01,36.50400161743164,37.5,35.15999984741211,35.45000076293945,35.45000076293945,2225900
2020-04-02,34.880001068115234,37.040000915527344,33.959999084472656,34.79999923706055,34.79999923706055,3406800
2020-04-03,34.75,39.5,34.75,38.150001525878906,38.150001525878906,5504200
2020-04-06,41.04999923706055,46.869998931884766,40.31999969482422,46.459999084472656,46.459999084472656,9002300
2020-04-07,49.349998474121094,51.060001373291016,46.93000030517578,47.689998626708984,47.689998626708984,6562800
2020-04-08,48.5,52.08000183105469,47.869998931884766,51.0,51.0,4949900
2020-04-09,52.81999969482422,54.16999816894531,51.63999938964844,53.68000030517578,53.68000030517578,4105100
2020-04-13,53.43000030517578,55.790000915527344,51.7599983215332,55.439998626708984,55.439998626708984,4305500
2020-04-14,55.7599983215332,57.7599983215332,54.70000076293945,57.65999984741211,57.65999984741211,3852700
2020-04-15,56.0,57.25,54.95000076293945,56.720001220703125,56.720001220703125,2187600
2020-04-16,57.400001525878906,59.9900016784668,56.63999938964844,59.720001220703125,59.720001220703125,3787300
2020-04-17,60.72999954223633,61.630001068115234,59.7599983215332,61.060001373291016,61.060001373291016,3152700
2020-04-20,60.779998779296875,66.25399780273438,60.29999923706055,65.05000305175781,65.05000305175781,6021700
2020-04-21,65.43000030517578,66.55000305175781,60.70000076293945,61.369998931884766,61.369998931884766,7521000
2020-04-22,63.70000076293945,64.33000183105469,62.2599983215332,62.75,62.75,2874300
2020-04-23,63.34000015258789,63.400001525878906,61.779998779296875,62.849998474121094,62.849998474121094,1986800
2020-04-24,64.05000305175781,67.0199966430664,63.61000061035156,66.19000244140625,66.19000244140625,3529200
2020-04-27,67.37000274658203,70.58000183105469,67.25,69.27999877929688,69.27999877929688,3829500
2020-04-28,70.22000122070312,71.19999694824219,66.05999755859375,66.25,66.25,5554600
2020-04-29,66.91999816894531,69.11000061035156,65.7699966430664,68.33000183105469,68.33000183105469,2871900
2020-04-30,67.4800033569336,68.8499984741211,63.79499816894531,64.87000274658203,64.87000274658203,4339700
2020-05-01,63.15999984741211,64.5999984741211,61.310001373291016,64.44499969482422,64.44499969482422,3334400
2020-05-04,63.9900016784668,68.18000030517578,63.209999084472656,67.69000244140625,67.69000244140625,2363900
2020-05-05,70.0999984741211,76.5,70.02999877929688,72.79000091552734,72.79000091552734,9153400
2020-05-06,74.8499984741211,78.62999725341797,72.08000183105469,78.23999786376953,78.23999786376953,6919500
2020-05-07,74.37999725341797,78.83999633789062,73.30999755859375,76.58999633789062,76.58999633789062,6841500
2020-05-08,76.86000061035156,81.69000244140625,75.38999938964844,80.70999908447266,80.70999908447266,4847700
2020-05-11,80.37000274658203,82.62000274658203,79.62999725341797,80.27999877929688,80.27999877929688,3095400
2020-05-12,80.25,82.97000122070312,78.9000015258789,79.0199966430664,79.0199966430664,3485000
2020-05-13,80.30999755859375,82.44999694824219,76.88999938964844,81.55000305175781,81.55000305175781,3403400
2020-05-14,80.44999694824219,83.18000030517578,79.73999786376953,81.62999725341797,81.62999725341797,3737300
2020-05-15,82.2699966430664,85.83999633789062,80.61000061035156,85.62999725341797,85.62999725341797,3037600
2020-05-18,86.9749984741211,88.0199966430664,78.02999877929688,78.18000030517578,78.18000030517578,6056700
2020-05-19,79.18000030517578,80.23999786376953,76.01000213623047,77.08499908447266,77.08499908447266,6443900
2020-05-20,78.55000305175781,79.27999877929688,73.33000183105469,75.29499816894531,75.29499816894531,5099400
2020-05-21,75.55999755859375,75.93000030517578,73.11000061035156,74.30999755859375,74.30999755859375,3168300
2020-05-22,74.43000030517578,78.1500015258789,73.40299987792969,77.4800033569336,77.4800033569336,2799000
2020-05-26,78.41999816894531,78.87999725341797,73.06999969482422,74.08000183105469,74.08000183105469,3640800
2020-05-27,72.9000015258789,76.69999694824219,69.3499984741211,76.23999786376953,76.23999786376953,4427600
2020-05-28,75.95999908447266,80.19999694824219,75.30999755859375,77.80999755859375,77.80999755859375,2891200
2020-05-29,78.54000091552734,81.61900329589844,78.4000015258789,80.9800033569336,80.9800033569336,3182800
2020-06-01,80.5,81.91000366210938,78.33999633789062,78.58999633789062,78.58999633789062,2290400
2020-06-02,78.86000061035156,82.5510025024414,78.06999969482422,81.86000061035156,81.86000061035156,3021500
2020-06-03,81.80000305175781,82.33000183105469,79.33999633789062,80.66000366210938,80.66000366210938,2889200
2020-06-04,81.72000122070312,86.01000213623047,79.54000091552734,80.30000305175781,80.30000305175781,3968700
2020-06-05,80.5199966430664,80.58999633789062,76.02999877929688,78.72000122070312,78.72000122070312,2982300
2020-06-08,78.06999969482422,78.5,74.81999969482422,76.47000122070312,76.47000122070312,2984200
2020-06-09,76.48999786376953,78.9800033569336,76.08000183105469,76.37000274658203,76.37000274658203,2208800
2020-06-10,80.87000274658203,82.93000030517578,78.51000213623047,79.80999755859375,79.80999755859375,4330700
2020-06-11,78.55999755859375,80.44999694824219,76.71499633789062,77.5199966430664,77.5199966430664,3711700
2020-06-12,79.0199966430664,80.66999816894531,76.62000274658203,79.76000213623047,79.76000213623047,2542600
2020-06-15,79.05999755859375,84.62000274658203,79.05999755859375,83.91000366210938,83.91000366210938,4233900
2020-06-16,85.0,85.86000061035156,82.25,84.55000305175781,84.55000305175781,2547200
2020-06-17,85.72000122070312,87.0999984741211,84.80000305175781,86.31999969482422,86.31999969482422,1893300
2020-06-18,86.45999908447266,87.27200317382812,85.12000274658203,87.0,87.0,1761800
2020-06-19,88.0,95.7300033569336,87.06999969482422,95.38999938964844,95.38999938964844,7135900
2020-06-22,95.58000183105469,99.41000366210938,95.52999877929688,96.30000305175781,96.30000305175781,3761500
2020-06-23,99.04000091552734,103.94000244140625,97.20999908447266,101.22000122070312,101.22000122070312,5783200
2020-06-24,101.4000015258789,103.41000366210938,96.52999877929688,98.16999816894531,98.16999816894531,4065600
2020-06-25,98.30000305175781,102.38999938964844,96.56999969482422,101.27999877929688,101.27999877929688,3737700
2020-06-26,102.2699966430664,104.27999877929688,100.17500305175781,102.54000091552734,102.54000091552734,4597000
2020-06-29,102.11000061035156,103.13999938964844,98.80000305175781,102.88999938964844,102.88999938964844,3207300
2020-06-30,103.26000213623047,107.31800079345703,102.70999908447266,106.2300033569336,106.2300033569336,4232900
2020-07-01,105.5,111.76000213623047,105.5,111.20999908447266,111.20999908447266,3273500
2020-07-02,113.36000061035156,113.41999816894531,109.18000030517578,110.68000030517578,110.68000030517578,2555600
2020-07-06,113.22000122070312,115.5009994506836,111.51000213623047,112.97000122070312,112.97000122070312,2557100
2020-07-07,112.61000061035156,114.72000122070312,110.79499816894531,112.20999908447266,112.20999908447266,2954900
2020-07-08,112.93000030517578,114.73999786376953,109.48500061035156,111.9000015258789,111.9000015258789,3012800
2020-07-09,112.1500015258789,115.44999694824219,111.7699966430664,114.51000213623047,114.51000213623047,2289600
2020-07-10,113.68000030517578,113.99500274658203,109.8499984741211,111.29000091552734,111.29000091552734,2613400
2020-07-13,113.0,113.75,103.33999633789062,104.56999969482422,104.56999969482422,2994300
2020-07-14,103.44999694824219,104.88999938964844,99.16999816894531,103.73999786376953,103.73999786376953,3887300
2020-07-15,101.80999755859375,103.23999786376953,99.12999725341797,101.97000122070312,101.97000122070312,2855800
2020-07-16,100.62000274658203,103.98899841308594,99.41000366210938,103.33999633789062,103.33999633789062,2080500
2020-07-17,104.41999816894531,105.48999786376953,101.12999725341797,102.70999908447266,102.70999908447266,1851100
2020-07-20,102.83999633789062,107.12999725341797,102.83999633789062,106.69000244140625,106.69000244140625,2115100
2020-07-21,108.0,108.70999908447266,103.76000213623047,104.6500015258789,104.6500015258789,1534500
2020-07-22,105.22000122070312,106.322998046875,102.66000366210938,104.2300033569336,104.2300033569336,1284200
2020-07-23,104.97000122070312,106.7699966430664,100.69999694824219,102.45999908447266,102.45999908447266,1456800
2020-07-24,100.83000183105469,102.7300033569336,97.5,101.58999633789062,101.58999633789062,1378700
2020-07-27,102.60299682617188,106.7750015258789,101.58999633789062,105.94999694824219,105.94999694824219,1986600
2020-07-28,105.62999725341797,105.68000030517578,101.98999786376953,102.44999694824219,102.44999694824219,1736400
2020-07-29,104.0,109.05999755859375,104.0,108.69000244140625,108.69000244140625,2766200
2020-07-30,107.89199829101562,112.79000091552734,107.52999877929688,112.37999725341797,112.37999725341797,2305200
2020-07-31,116.66999816894531,118.4800033569336,114.29199981689453,118.37999725341797,118.37999725341797,3713200
2020-08-03,121.0,127.16999816894531,121.0,126.62000274658203,126.62000274658203,4663200
2020-08-04,128.76699829101562,130.0800018310547,124.61000061035156,129.8000030517578,129.8000030517578,4459900
2020-08-05,131.81500244140625,136.2899932861328,130.36000061035156,135.52000427246094,135.52000427246094,9183300
2020-08-06,133.67999267578125,138.9499969482422,126.56999969482422,130.66000366210938,130.66000366210938,9819000
2020-08-07,131.44000244140625,137.77999877929688,131.0,135.05999755859375,135.05999755859375,5898600
2020-08-10,139.24000549316406,141.41000366210938,131.11000061035156,134.72000122070312,134.72000122070312,4282400
2020-08-11,132.10000610351562,132.50999450683594,127.16999816894531,127.5,127.5,4339100
2020-08-12,128.52999877929688,128.92999267578125,121.80000305175781,122.05000305175781,122.05000305175781,4748600
2020-08-13,122.66000366210938,131.72000122070312,122.56400299072266,128.72999572753906,128.72999572753906,5456900
2020-08-14,130.27000427246094,130.99000549316406,127.5199966430664,129.25999450683594,129.25999450683594,2052600
2020-08-17,131.39999389648438,131.85000610351562,128.56500244140625,129.72000122070312,129.72000122070312,2192800
2020-08-18,130.2100067138672,135.34500122070312,128.27999877929688,133.00999450683594,133.00999450683594,3556000
2020-08-19,132.17999267578125,133.75999450683594,128.61000061035156,131.1300048828125,131.1300048828125,2859100
2020-08-20,130.25999450683594,131.50999450683594,129.02999877929688,130.08999633789062,130.08999633789062,5722500
2020-08-21,129.99899291992188,133.0800018310547,128.50999450683594,130.3699951171875,130.3699951171875,2895700
2020-08-24,132.39999389648438,133.88999938964844,127.83000183105469,128.74000549316406,128.74000549316406,3876000
2020-08-25,127.9540023803711,129.625,124.15299987792969,125.4800033569336,125.4800033569336,3601500
2020-08-26,126.3499984741211,128.67999267578125,125.45999908447266,126.91000366210938,126.91000366210938,2499200
2020-08-27,127.05999755859375,127.60800170898438,121.70999908447266,122.37000274658203,122.37000274658203,2399100
2020-08-28,123.0,123.31999969482422,117.7699966430664,119.66000366210938,119.66000366210938,3700000
2020-08-31,119.66000366210938,120.58000183105469,116.62999725341797,119.69999694824219,119.69999694824219,3322800
2020-09-01,121.19499969482422,126.05000305175781,119.97699737548828,125.05000305175781,125.05000305175781,3038300
2020-09-02,128.3000030517578,129.94000244140625,120.25,124.37000274658203,124.37000274658203,3754400
2020-09-03,119.80999755859375,121.16000366210938,113.33000183105469,116.19999694824219,116.19999694824219,4775200
2020-09-04,114.2300033569336,116.81999969482422,103.05999755859375,112.04000091552734,112.04000091552734,7500200
2020-09-08,113.37999725341797,118.19999694824219,108.37000274658203,110.55999755859375,110.55999755859375,9726300
2020-09-09,112.70500183105469,114.88999938964844,109.43000030517578,112.70999908447266,112.70999908447266,4741900
2020-09-10,113.4800033569336,118.0,110.25399780273438,110.56999969482422,110.56999969482422,4157800
2020-09-11,113.08000183105469,116.58999633789062,109.94000244140625,110.7699966430664,110.7699966430664,4450500
2020-09-14,111.7699966430664,115.0,109.38999938964844,112.55000305175781,112.55000305175781,4737500
2020-09-15,113.4800033569336,114.0,109.16000366210938,111.00499725341797,111.00499725341797,3489800
2020-09-16,111.0999984741211,112.6500015258789,108.53800201416016,108.80000305175781,108.80000305175781,2823200
2020-09-17,105.29000091552734,109.2300033569336,104.30000305175781,109.2300033569336,109.2300033569336,4116900
2020-09-18,110.68499755859375,113.29000091552734,109.11000061035156,111.75,111.75,26303600
2020-09-21,110.43000030517578,116.33000183105469,109.79299926757812,116.01000213623047,116.01000213623047,4219500
2020-09-22,118.0,119.75,112.5999984741211,119.3499984741211,119.3499984741211,4759900
2020-09-23,119.29000091552734,121.37000274658203,114.05000305175781,115.08999633789062,115.08999633789062,4063600
2020-09-24,112.55000305175781,116.0999984741211,109.5199966430664,113.68000030517578,113.68000030517578,4339000
2020-09-25,113.69999694824219,118.68499755859375,113.01000213623047,118.27999877929688,118.27999877929688,2572600
2020-09-28,120.37000274658203,123.94999694824219,119.19000244140625,123.69000244140625,123.69000244140625,3456500
2020-09-29,123.61000061035156,125.69999694824219,121.26000213623047,123.2300033569336,123.2300033569336,2618000
2020-09-30,123.19000244140625,125.58999633789062,120.13999938964844,121.62999725341797,121.62999725341797,2525400
2020-10-01,124.0999984741211,133.08999633789062,123.25,131.69000244140625,131.69000244140625,5745100
2020-10-02,127.48999786376953,133.3300018310547,127.2699966430664,131.6300048828125,131.6300048828125,3783100
2020-10-05,132.69000244140625,136.83999633789062,130.6999969482422,136.69000244140625,136.69000244140625,2738300
2020-10-06,137.0,139.25999450683594,134.10000610351562,134.55999755859375,134.55999755859375,3046500
2020-10-07,136.6300048828125,143.10000610351562,136.4499969482422,142.66000366210938,142.66000366210938,3804200
2020-10-08,145.0,145.14999389648438,139.16000366210938,139.5399932861328,139.5399932861328,3202000
2020-10-09,140.6999969482422,147.3000030517578,140.07000732421875,146.6699981689453,146.6699981689453,3358800
2020-10-12,149.0,151.2010040283203,146.5500030517578,147.3800048828125,147.3800048828125,3279300
2020-10-13,148.19000244140625,154.72999572753906,147.61000061035156,153.1999969482422,153.1999969482422,3357400
2020-10-14,153.8000030517578,154.8800048828125,147.66000366210938,149.97000122070312,149.97000122070312,3173000
2020-10-15,145.3800048828125,150.89999389648438,143.4499969482422,150.6699981689453,150.6699981689453,2209400
2020-10-16,151.97999572753906,152.52999877929688,147.14999389648438,147.58999633789062,147.58999633789062,1764200
2020-10-19,148.75,151.8000030517578,146.36000061035156,148.3699951171875,148.3699951171875,2326000
2020-10-20,147.5399932861328,150.24000549316406,144.50999450683594,144.7899932861328,144.7899932861328,2548600
2020-10-21,144.6199951171875,145.6300048828125,132.69000244140625,133.00999450683594,133.00999450683594,5555000
2020-10-22,133.89999389648438,138.0,132.84500122070312,135.94000244140625,135.94000244140625,3332300
2020-10-23,136.16000366210938,138.42999267578125,134.125,137.84500122070312,137.84500122070312,2099700
2020-10-26,137.49000549316406,143.11000061035156,136.1999969482422,139.72999572753906,139.72999572753906,3256200
2020-10-27,141.47999572753906,147.64999389648438,141.2949981689453,145.77999877929688,145.77999877929688,4580200
2020-10-28,143.3000030517578,145.14500427246094,138.9199981689453,139.63999938964844,139.63999938964844,4827600
2020-10-29,138.28500366210938,138.94000244140625,128.1300048828125,132.4199981689453,132.4199981689453,7810900
2020-10-30,130.50999450683594,131.7030029296875,119.70999908447266,121.58999633789062,121.58999633789062,5602900
2020-11-02,123.22799682617188,127.7300033569336,121.56999969482422,126.44000244140625,126.44000244140625,3837800
2020-11-03,127.95600128173828,131.99000549316406,125.58799743652344,130.4499969482422,130.4499969482422,2937200
2020-11-04,135.5,138.7899932861328,133.50999450683594,136.1999969482422,136.1999969482422,3635900
2020-11-05,140.0,144.9499969482422,138.125,143.63999938964844,143.63999938964844,2741400
2020-11-06,143.67999267578125,146.60000610351562,140.5500030517578,146.27999877929688,146.27999877929688,2591100
2020-11-09,130.9600067138672,134.0,116.30999755859375,121.19999694824219,121.19999694824219,10639300
2020-11-10,126.22000122070312,126.4000015258789,113.48699951171875,119.43000030517578,119.43000030517578,6264800
2020-11-11,121.91999816894531,131.07000732421875,121.79000091552734,130.58999633789062,130.58999633789062,5260700
2020-11-12,129.63999938964844,133.5,125.80999755859375,127.02999877929688,127.02999877929688,3876100
2020-11-13,128.5500030517578,129.9949951171875,123.33000183105469,124.91999816894531,124.91999816894531,3481700
2020-11-16,122.54000091552734,127.23999786376953,120.5,125.62000274658203,125.62000274658203,3497700
2020-11-17,126.70999908447266,128.94000244140625,123.5999984741211,128.82000732421875,128.82000732421875,2503300
2020-11-18,127.83999633789062,129.24000549316406,124.69999694824219,127.01000213623047,127.01000213623047,2538600
2020-11-19,128.0,134.6999969482422,127.44499969482422,134.5,134.5,3011100
2020-11-20,136.52000427246094,143.9600067138672,136.26499938964844,140.05999755859375,140.05999755859375,4418800
2020-11-23,141.0,143.22999572753906,138.22000122070312,140.1999969482422,140.1999969482422,2593300
2020-11-24,139.99000549316406,140.0399932861328,133.64999389648438,137.60000610351562,137.60000610351562,3329500
2020-11-25,138.6300048828125,146.9499969482422,138.50999450683594,145.08999633789062,145.08999633789062,3552000
2020-11-27,148.72000122070312,160.6300048828125,148.52999877929688,160.5500030517578,160.5500030517578,5023000
2020-11-30,161.94000244140625,164.63999938964844,153.36000061035156,160.6999969482422,160.6999969482422,11341600
2020-12-01,161.50999450683594,161.50999450683594,154.10000610351562,154.6699981689453,154.6699981689453,3252100
2020-12-02,151.375,155.60000610351562,150.0,154.6199951171875,154.6199951171875,2195900
2020-12-03,154.49000549316406,157.02099609375,154.1999969482422,154.74000549316406,154.74000549316406,2016100
2020-12-04,154.1300048828125,157.08999633789062,153.2220001220703,155.02999877929688,155.02999877929688,1967600
2020-12-07,155.59800720214844,158.8800048828125,153.61000061035156,156.92999267578125,156.92999267578125,1942500
2020-12-08,158.85000610351562,167.91600036621094,156.8000030517578,163.97000122070312,163.97000122070312,3272500
2020-12-09,165.94000244140625,167.52000427246094,157.63999938964844,159.22999572753906,159.22999572753906,3891000
2020-12-10,157.3000030517578,167.6199951171875,157.0,165.3000030517578,165.3000030517578,2593600
2020-12-11,166.0800018310547,171.66000366210938,165.72000122070312,170.02000427246094,170.02000427246094,3064500
2020-12-14,172.25,176.47999572753906,169.66000366210938,169.97000122070312,169.97000122070312,3072300
2020-12-15,172.0,179.92999267578125,170.50999450683594,177.8000030517578,177.8000030517578,3380600
2020-12-16,173.69000244140625,182.77999877929688,171.33999633789062,182.33999633789062,182.33999633789062,4292700
2020-12-17,184.32000732421875,192.08999633789062,183.3300018310547,188.10000610351562,188.10000610351562,4322600
2020-12-18,190.58999633789062,191.72999572753906,184.69000244140625,190.75999450683594,190.75999450683594,5352800
2020-12-21,189.16000366210938,193.0,184.5500030517578,189.1999969482422,189.1999969482422,3034000
2020-12-22,191.11000061035156,198.5,190.4429931640625,197.3800048828125,197.3800048828125,3372500
2020-12-23,196.89999389648438,197.3800048828125,190.02999877929688,190.1699981689453,190.1699981689453,2099300
2020-12-24,191.2100067138672,193.74000549316406,188.0800018310547,190.30999755859375,190.30999755859375,1116600
2020-12-28,193.5800018310547,194.0,175.83999633789062,178.1199951171875,178.1199951171875,4221700
2020-12-29,179.64500427246094,180.0,173.69000244140625,177.00999450683594,177.00999450683594,2359700
2020-12-30,178.3000030517578,183.41000366210938,176.1199951171875,183.17999267578125,183.17999267578125,2125600
2020-12-31,183.1300048828125,183.3800048828125,175.8000030517578,177.91000366210938,177.91000366210938,2076900
2021-01-04,179.52000427246094,181.60000610351562,168.2519989013672,172.0800018310547,172.0800018310547,3262000
2021-01-05,170.19000244140625,175.77000427246094,169.06199645996094,174.97999572753906,174.97999572753906,2168200
2021-01-06,172.11000061035156,173.16000366210938,166.3300018310547,167.57000732421875,167.57000732421875,2966000
2021-01-07,170.3000030517578,173.5,167.25,170.7899932861328,170.7899932861328,2785200
2021-01-08,172.91000366210938,179.72999572753906,171.75999450683594,175.64999389648438,175.64999389648438,2470400
2021-01-11,174.10000610351562,187.75999450683594,171.02000427246094,183.0399932861328,183.0399932861328,3821000
2021-01-12,185.05999755859375,211.85000610351562,184.75,205.14999389648438,205.14999389648438,9353800
2021-01-13,204.61000061035156,209.0399932861328,200.8699951171875,207.02999877929688,207.02999877929688,2925000
2021-01-14,207.25,221.1199951171875,207.0,211.52000427246094,211.52000427246094,5038600
2021-01-15,211.2100067138672,211.99000549316406,197.16000366210938,204.4199981689453,204.4199981689453,3601500
2021-01-19,208.66000366210938,221.33999633789062,208.0,221.30999755859375,221.30999755859375,4515000
2021-01-20,223.42999267578125,225.74000549316406,213.72000122070312,215.69000244140625,215.69000244140625,3436300
2021-01-21,218.5500030517578,221.44000244140625,212.3000030517578,212.5399932861328,212.5399932861328,2939900
2021-01-22,211.1699981689453,215.14500427246094,209.13999938964844,213.58999633789062,213.58999633789062,2162700
2021-01-25,217.0,221.44000244140625,205.39999389648438,208.80999755859375,208.80999755859375,2341400
2021-01-26,225.94000244140625,226.72500610351562,203.0,204.41000366210938,204.41000366210938,8013800
2021-01-27,199.25,205.64999389648438,192.0,193.3699951171875,193.3699951171875,3648200
2021-01-28,196.43499755859375,207.1300048828125,193.1300048828125,202.41000366210938,202.41000366210938,2986300
2021-01-29,201.64999389648438,203.6699981689453,193.67999267578125,199.08999633789062,199.08999633789062,2271100
2021-02-01,201.67999267578125,204.61500549316406,195.67999267578125,203.77000427246094,203.77000427246094,1800700
2021-02-02,207.39999389648438,213.4239959716797,206.3470001220703,210.2899932861328,210.2899932861328,1976300
2021-02-03,211.75999450683594,215.16000366210938,208.0189971923828,210.07000732421875,210.07000732421875,1727000
2021-02-04,211.6999969482422,221.95799255371094,211.6999969482422,220.83999633789062,220.83999633789062,3185600
2021-02-05,222.0,239.47000122070312,220.32000732421875,231.1199951171875,231.1199951171875,3817600
2021-02-08,233.13999938964844,238.9499969482422,226.35000610351562,231.69000244140625,231.69000244140625,2989400
2021-02-09,229.25999450683594,231.64999389648438,226.64999389648438,229.8699951171875,229.8699951171875,1664300
2021-02-10,232.19000244140625,232.24400329589844,220.52000427246094,225.64999389648438,225.64999389648438,1689600
2021-02-11,227.1020050048828,230.0399932861328,223.72999572753906,226.0500030517578,226.0500030517578,1521400
2021-02-12,227.7100067138672,235.10000610351562,224.57000732421875,233.86000061035156,233.86000061035156,1808200
2021-02-16,238.9499969482422,239.25,226.09500122070312,228.32000732421875,228.32000732421875,2165900
2021-02-17,224.9199981689453,225.0,214.07000732421875,222.41000366210938,222.41000366210938,2391700
2021-02-18,216.0500030517578,225.30999755859375,215.10400390625,220.82000732421875,220.82000732421875,1525700
2021-02-19,224.08999633789062,230.42999267578125,223.61000061035156,227.27000427246094,227.27000427246094,1828100
2021-02-22,222.86000061035156,225.66000366210938,211.75,213.1199951171875,213.1199951171875,2652200
2021-02-23,203.07000732421875,211.91900634765625,191.0,210.75,210.75,3646100
2021-02-24,209.99000549316406,212.8780059814453,202.26499938964844,209.10000610351562,209.10000610351562,2179000
2021-02-25,205.0850067138672,214.0,194.77000427246094,197.5800018310547,197.5800018310547,3698700
2021-02-26,224.0,232.2899932861328,206.3699951171875,220.27000427246094,220.27000427246094,11049000
2021-03-01,224.57000732421875,248.4499969482422,223.64999389648438,244.5800018310547,244.5800018310547,6681200
2021-03-02,243.5,251.86000061035156,236.77999877929688,238.42999267578125,238.42999267578125,3690900
2021-03-03,235.1999969482422,238.2899932861328,206.7899932861328,208.61000061035156,208.61000061035156,7227300
2021-03-04,207.50999450683594,212.97000122070312,186.99000549316406,198.10000610351562,198.10000610351562,6511400
2021-03-05,201.00999450683594,203.43499755859375,179.22999572753906,200.3000030517578,200.3000030517578,5644800
2021-03-08,199.53500366210938,209.55999755859375,189.8000030517578,190.25999450683594,190.25999450683594,3910100
2021-03-09,202.97000122070312,210.1300048828125,198.86099243164062,206.7899932861328,206.7899932861328,3710000
2021-03-10,212.9600067138672,215.48500061035156,203.25,205.92999267578125,205.92999267578125,2739200
2021-03-11,214.97000122070312,224.0,212.72500610351562,220.83999633789062,220.83999633789062,3406000
2021-03-12,212.27999877929688,222.6699981689453,205.0,221.13999938964844,221.13999938964844,2763700
2021-03-15,220.52999877929688,223.5,216.00999450683594,223.22999572753906,223.22999572753906,2574500
2021-03-16,226.88999938964844,228.0,210.75,215.97999572753906,215.97999572753906,2451900
2021-03-17,208.5,221.19000244140625,204.52999877929688,218.44000244140625,218.44000244140625,4325400
2021-03-18,211.39500427246094,219.71800231933594,208.8699951171875,209.50999450683594,209.50999450683594,3421800
2021-03-19,210.31199645996094,224.10699462890625,209.39999389648438,215.41000366210938,215.41000366210938,4843300
2021-03-22,219.55299377441406,223.18800354003906,217.0,219.77000427246094,219.77000427246094,3136200
2021-03-23,222.61599731445312,231.33999633789062,218.08999633789062,219.6699981689453,219.6699981689453,3754800
2021-03-24,220.85000610351562,221.0,197.8699951171875,199.17999267578125,199.17999267578125,3866000
2021-03-25,193.3300018310547,201.09500122070312,190.5,196.1999969482422,196.1999969482422,3432800
2021-03-26,197.49400329589844,202.5500030517578,193.64999389648438,202.32000732421875,202.32000732421875,2667400
2021-03-29,203.4199981689453,204.0,195.15499877929688,196.30999755859375,196.30999755859375,2026000
2021-03-30,192.8000030517578,203.66000366210938,191.0,198.8699951171875,198.8699951171875,2648700
2021-03-31,202.89999389648438,208.49000549316406,201.33999633789062,201.6699981689453,201.6699981689453,2512600
2021-04-01,206.43800354003906,212.13999938964844,205.39999389648438,208.1999969482422,208.1999969482422,1775500
2021-04-05,211.99000549316406,211.99000549316406,196.1300048828125,197.1999969482422,197.1999969482422,3628800
2021-04-06,199.43600463867188,208.57000732421875,197.31300354003906,206.00999450683594,206.00999450683594,3038800
2021-04-07,204.5,205.75,199.27499389648438,204.02000427246094,204.02000427246094,2208100
2021-04-08,206.0,216.2899932861328,205.7949981689453,215.38999938964844,215.38999938964844,3606000
2021-04-09,214.24000549316406,221.6699981689453,212.86000061035156,218.57000732421875,218.57000732421875,2723500
2021-04-12,216.8730010986328,220.50999450683594,214.10000610351562,218.1300048828125,218.1300048828125,1878900
2021-04-13,222.44500732421875,225.83999633789062,220.29200744628906,224.02999877929688,224.02999877929688,2023600
2021-04-14,225.0399932861328,227.0,216.19000244140625,218.07000732421875,218.07000732421875,1723200
2021-04-15,221.3699951171875,223.5,216.30999755859375,219.2899932861328,219.2899932861328,1818900
2021-04-16,220.3000030517578,221.13699340820312,213.60000610351562,219.99000549316406,219.99000549316406,1525000
2021-04-19,216.875,219.19000244140625,211.8699951171875,213.19000244140625,213.19000244140625,2236600
2021-04-20,212.0,212.5,200.8800048828125,206.86000061035156,206.86000061035156,2768200
2021-04-21,204.33999633789062,210.82000732421875,202.3300018310547,209.75999450683594,209.75999450683594,1687000
2021-04-22,209.8300018310547,215.4600067138672,207.5030059814453,210.27999877929688,210.27999877929688,1701400
2021-04-23,212.60000610351562,216.75,211.0,214.58999633789062,214.58999633789062,1475700
2021-04-26,211.0,212.0,203.8000030517578,205.17999267578125,205.17999267578125,4198900
2021-04-27,206.16000366210938,210.8000030517578,206.0,207.49000549316406,207.49000549316406,2288800
2021-04-28,206.25999450683594,212.97000122070312,202.5,211.35000610351562,211.35000610351562,1898700
2021-04-29,212.27999877929688,212.33999633789062,201.80099487304688,208.8000030517578,208.8000030517578,2316800
2021-04-30,206.33999633789062,207.9499969482422,198.0800018310547,198.7899932861328,198.7899932861328,3159100
2021-05-03,200.39999389648438,200.91000366210938,189.27000427246094,190.7100067138672,190.7100067138672,3607100
2021-05-04,185.11000061035156,191.2899932861328,183.1999969482422,188.4499969482422,188.4499969482422,3529400
2021-05-05,190.99000549316406,194.99000549316406,181.50999450683594,184.57000732421875,184.57000732421875,5624600
2021-05-06,167.00999450683594,170.6479949951172,154.0,157.67999267578125,157.67999267578125,15673700
2021-05-07,163.92999267578125,165.61700439453125,158.64999389648438,165.50999450683594,165.50999450683594,5859700
2021-05-10,163.00999450683594,170.97999572753906,161.77999877929688,167.1300048828125,167.1300048828125,5095400
2021-05-11,159.5500030517578,170.75,158.7100067138672,169.83999633789062,169.83999633789062,4017000
2021-05-12,165.3300018310547,169.07000732421875,158.41000366210938,159.33999633789062,159.33999633789062,3313600
2021-05-13,163.33700561523438,164.5,153.8000030517578,156.58999633789062,156.58999633789062,3093200
2021-05-14,159.00999450683594,163.83999633789062,157.13999938964844,163.11000061035156,163.11000061035156,2330500
2021-05-17,162.6739959716797,165.39999389648438,160.05999755859375,165.17999267578125,165.17999267578125,1933200
2021-05-18,165.80999755859375,170.11000061035156,164.60000610351562,167.25,167.25,3103200
2021-05-19,164.29800415039062,166.27000427246094,161.38999938964844,165.4199981689453,165.4199981689453,2511900
2021-05-20,166.27999877929688,175.13999938964844,166.02000427246094,172.36000061035156,172.36000061035156,3159800
2021-05-21,173.0,173.5,167.1300048828125,167.55999755859375,167.55999755859375,2527600
2021-05-24,169.72999572753906,169.89999389648438,164.22000122070312,165.17999267578125,165.17999267578125,2404400
2021-05-25,166.8699951171875,170.6199951171875,166.42999267578125,167.0500030517578,167.0500030517578,1558800
2021-05-26,168.1999969482422,169.39999389648438,166.55999755859375,168.22000122070312,168.22000122070312,1423800
2021-05-27,168.61000061035156,168.61000061035156,162.5,166.74000549316406,166.74000549316406,2984200
2021-05-28,166.10000610351562,167.85499572753906,164.6199951171875,164.72999572753906,164.72999572753906,1974400
2021-06-01,165.9499969482422,167.32000732421875,161.88400268554688,163.4600067138672,163.4600067138672,2448900
2021-06-02,164.4199981689453,176.85000610351562,163.64999389648438,175.13999938964844,175.13999938964844,4900600
2021-06-03,172.0800018310547,172.5800018310547,165.11000061035156,165.74000549316406,165.74000549316406,3336600
2021-06-04,167.41000366210938,168.3000030517578,162.39500427246094,164.17999267578125,164.17999267578125,2270800
2021-06-07,164.55999755859375,169.5,163.8800048828125,168.32000732421875,168.32000732421875,2763700
2021-06-08,166.36000061035156,171.89999389648438,166.36000061035156,170.2100067138672,170.2100067138672,2623300
2021-06-09,172.1750030517578,174.69000244140625,167.00999450683594,167.3000030517578,167.3000030517578,5125600
2021-06-10,167.0500030517578,170.02999877929688,166.07000732421875,167.14999389648438,167.14999389648438,2348200
2021-06-11,167.77000427246094,168.2429962158203,164.66000366210938,165.82000732421875,165.82000732421875,2432200
2021-06-14,166.77000427246094,172.1840057373047,166.0500030517578,170.3000030517578,170.3000030517578,2668900
2021-06-15,171.8699951171875,172.0,163.82000732421875,166.05999755859375,166.05999755859375,2633600
2021-06-16,167.35000610351562,169.2899932861328,164.52000427246094,167.3699951171875,167.3699951171875,2561000
2021-06-17,166.02000427246094,172.30999755859375,165.52000427246094,169.63999938964844,169.63999938964844,2503200
2021-06-18,168.99000549316406,171.3699951171875,167.69000244140625,169.82000732421875,169.82000732421875,3505300
2021-06-21,169.75,171.86000061035156,165.14999389648438,170.7899932861328,170.7899932861328,2134900
2021-06-22,170.6300048828125,179.0,170.58999633789062,177.97999572753906,177.97999572753906,4224400
2021-06-23,179.11000061035156,182.2100067138672,178.1199951171875,179.4499969482422,179.4499969482422,2934800
2021-06-24,181.4499969482422,184.9600067138672,178.77000427246094,181.52000427246094,181.52000427246094,2574600
2021-06-25,183.77000427246094,187.98800659179688,183.10400390625,184.8000030517578,184.8000030517578,3087600
2021-06-28,187.77000427246094,199.17999267578125,187.77000427246094,198.41000366210938,198.41000366210938,4933000
2021-06-29,198.80999755859375,203.55499267578125,195.02000427246094,202.52999877929688,202.52999877929688,3828100
2021-06-30,202.4600067138672,206.6199951171875,201.36000061035156,205.83999633789062,205.83999633789062,3117100
2021-07-01,206.41000366210938,207.8419952392578,198.22999572753906,199.50999450683594,199.50999450683594,3265900
2021-07-02,200.1999969482422,202.39300537109375,195.8300018310547,197.57000732421875,197.57000732421875,1805500
2021-07-06,197.38999938964844,199.1300048828125,193.0800018310547,197.80999755859375,197.80999755859375,2479000
2021-07-07,198.5399932861328,199.00999450683594,190.33999633789062,192.89999389648438,192.89999389648438,1795300
2021-07-08,186.0,196.64300537109375,185.10000610351562,196.02000427246094,196.02000427246094,1761400
2021-07-09,196.41000366210938,196.9499969482422,193.52000427246094,195.08999633789062,195.08999633789062,1606200
2021-07-12,196.0500030517578,200.02999877929688,190.23300170898438,194.3000030517578,194.3000030517578,2697500
2021-07-13,193.99000549316406,193.99000549316406,188.0,188.5,188.5,2543500
2021-07-14,189.7899932861328,190.5800018310547,182.31100463867188,182.86000061035156,182.86000061035156,2855600
2021-07-15,182.86000061035156,186.69000244140625,179.7100067138672,182.3000030517578,182.3000030517578,2368700
2021-07-16,183.5500030517578,187.47999572753906,183.1999969482422,184.4199981689453,184.4199981689453,1876900
